Team 1,Team 2,Winner,Margin,Ground,Match Date,Scorecard,Match URLs
U.A.E.,Afghanistan,U.A.E.,11 runs,Sharjah,"Dec 31, 2023",T20I # 2426,https://www.espncricinfo.com/series/afghanistan-in-united-arab-emirates-2023-24-1412545/united-arab-emirates-vs-afghanistan-2nd-t20i-1412550/full-scorecard
New Zealand,Bangladesh,New Zealand,17 runs,Mount Maunganui,"Dec 31, 2023",T20I # 2425,https://www.espncricinfo.com/series/bangladesh-in-new-zealand-2023-24-1388181/new-zealand-vs-bangladesh-3rd-t20i-1388215/full-scorecard
U.A.E.,Afghanistan,Afghanistan,72 runs,Sharjah,"Dec 29, 2023",T20I # 2424,https://www.espncricinfo.com/series/afghanistan-in-united-arab-emirates-2023-24-1412545/united-arab-emirates-vs-afghanistan-1st-t20i-1412549/full-scorecard
New Zealand,Bangladesh,no result,-,Mount Maunganui,"Dec 29, 2023",T20I # 2423,https://www.espncricinfo.com/series/bangladesh-in-new-zealand-2023-24-1388181/new-zealand-vs-bangladesh-2nd-t20i-1388214/full-scorecard
New Zealand,Bangladesh,Bangladesh,5 wickets,Napier,"Dec 27, 2023",T20I # 2422,https://www.espncricinfo.com/series/bangladesh-in-new-zealand-2023-24-1388181/new-zealand-vs-bangladesh-1st-t20i-1388213/full-scorecard
Indonesia,Philippines,Philippines,7 wickets,Bali,"Dec 26, 2023",T20I # 2421,https://www.espncricinfo.com/series/philippines-in-indonesia-2023-24-1412521/indonesia-vs-philippines-6th-t20i-1412535/full-scorecard
Indonesia,Philippines,tied,-,Bali,"Dec 24, 2023",T20I # 2420,https://www.espncricinfo.com/series/philippines-in-indonesia-2023-24-1412521/indonesia-vs-philippines-5th-t20i-1412534/full-scorecard
Indonesia,Philippines,Philippines,8 wickets,Bali,"Dec 24, 2023",T20I # 2419,https://www.espncricinfo.com/series/philippines-in-indonesia-2023-24-1412521/indonesia-vs-philippines-4th-t20i-1412533/full-scorecard
Indonesia,Philippines,Indonesia,20 runs,Bali,"Dec 23, 2023",T20I # 2418,https://www.espncricinfo.com/series/philippines-in-indonesia-2023-24-1412521/indonesia-vs-philippines-3rd-t20i-1412532/full-scorecard
Indonesia,Philippines,Indonesia,10 wickets,Bali,"Dec 23, 2023",T20I # 2417,https://www.espncricinfo.com/series/philippines-in-indonesia-2023-24-1412521/indonesia-vs-philippines-2nd-t20i-1412531/full-scorecard
Indonesia,Philippines,Philippines,2 runs,Bali,"Dec 22, 2023",T20I # 2416,https://www.espncricinfo.com/series/philippines-in-indonesia-2023-24-1412521/indonesia-vs-philippines-1st-t20i-1412530/full-scorecard
West Indies,England,West Indies,4 wickets,Tarouba,"Dec 21, 2023",T20I # 2415,https://www.espncricinfo.com/series/england-tour-of-west-indies-2023-24-1373558/west-indies-vs-england-5th-t20i-1373583/full-scorecard
West Indies,England,England,75 runs,Tarouba,"Dec 19, 2023",T20I # 2414,https://www.espncricinfo.com/series/england-tour-of-west-indies-2023-24-1373558/west-indies-vs-england-4th-t20i-1373582/full-scorecard
Kenya,Uganda,Uganda,91 runs,Benoni,"Dec 19, 2023",T20I # 2413,https://www.espncricinfo.com/series/africa-cricket-association-cup-2023-24-1412206/kenya-vs-uganda-final-1412226/full-scorecard
Botswana,Malawi,Botswana,3 wickets,Benoni,"Dec 19, 2023",T20I # 2412,https://www.espncricinfo.com/series/africa-cricket-association-cup-2023-24-1412206/botswana-vs-malawi-3rd-place-play-off-1412225/full-scorecard
Kenya,Malawi,Kenya,4 runs,Benoni,"Dec 18, 2023",T20I # 2411,https://www.espncricinfo.com/series/africa-cricket-association-cup-2023-24-1412206/kenya-vs-malawi-2nd-semi-final-1412224/full-scorecard
Botswana,Uganda,Uganda,10 wickets,Benoni,"Dec 18, 2023",T20I # 2410,https://www.espncricinfo.com/series/africa-cricket-association-cup-2023-24-1412206/botswana-vs-uganda-1st-semi-final-1412223/full-scorecard
Ghana,Sierra Leone,Ghana,2 wickets,Benoni,"Dec 17, 2023",T20I # 2409,https://www.espncricinfo.com/series/africa-cricket-association-cup-2023-24-1412206/ghana-vs-sierra-leone-12th-match-group-b-1412222/full-scorecard
Mozambique,Rwanda,Mozambique,5 wickets,Benoni,"Dec 17, 2023",T20I # 2408,https://www.espncricinfo.com/series/africa-cricket-association-cup-2023-24-1412206/mozambique-vs-rwanda-11th-match-group-a-1412221/full-scorecard
West Indies,England,England,7 wickets,St George's,"Dec 16, 2023",T20I # 2407,https://www.espncricinfo.com/series/england-tour-of-west-indies-2023-24-1373558/west-indies-vs-england-3rd-t20i-1373581/full-scorecard
Botswana,Kenya,Kenya,40 runs,Benoni,"Dec 16, 2023",T20I # 2406,https://www.espncricinfo.com/series/africa-cricket-association-cup-2023-24-1412206/botswana-vs-kenya-10th-match-group-b-1412220/full-scorecard
Malawi,Rwanda,Malawi,46 runs,Benoni,"Dec 16, 2023",T20I # 2405,https://www.espncricinfo.com/series/africa-cricket-association-cup-2023-24-1412206/malawi-vs-rwanda-9th-match-group-a-1412219/full-scorecard
Mozambique,Uganda,Uganda,51 runs,Benoni,"Dec 15, 2023",T20I # 2404,https://www.espncricinfo.com/series/africa-cricket-association-cup-2023-24-1412206/mozambique-vs-uganda-8th-match-group-a-1412218/full-scorecard
Botswana,Sierra Leone,Sierra Leone,2 wickets,Benoni,"Dec 15, 2023",T20I # 2403,https://www.espncricinfo.com/series/africa-cricket-association-cup-2023-24-1412206/botswana-vs-sierra-leone-7th-match-group-b-1412217/full-scorecard
West Indies,England,West Indies,10 runs,St George's,"Dec 14, 2023",T20I # 2402,https://www.espncricinfo.com/series/england-tour-of-west-indies-2023-24-1373558/west-indies-vs-england-2nd-t20i-1373580/full-scorecard
South Africa,India,India,106 runs,Johannesburg,"Dec 14, 2023",T20I # 2401,https://www.espncricinfo.com/series/india-in-south-africa-2023-24-1387592/south-africa-vs-india-3rd-t20i-1387599/full-scorecard
Malawi,Mozambique,Malawi,6 wickets,Benoni,"Dec 14, 2023",T20I # 2400,https://www.espncricinfo.com/series/africa-cricket-association-cup-2023-24-1412206/malawi-vs-mozambique-6th-match-group-a-1412216/full-scorecard
Ghana,Kenya,Kenya,8 wickets,Benoni,"Dec 13, 2023",T20I # 2399,https://www.espncricinfo.com/series/africa-cricket-association-cup-2023-24-1412206/ghana-vs-kenya-5th-match-group-b-1412215/full-scorecard
Malawi,Uganda,Uganda,7 wickets,Benoni,"Dec 13, 2023",T20I # 2398,https://www.espncricinfo.com/series/africa-cricket-association-cup-2023-24-1412206/malawi-vs-uganda-4th-match-group-a-1412214/full-scorecard
West Indies,England,West Indies,4 wickets,Bridgetown,"Dec 12, 2023",T20I # 2397,https://www.espncricinfo.com/series/england-tour-of-west-indies-2023-24-1373558/west-indies-vs-england-1st-t20i-1373579/full-scorecard
South Africa,India,South Africa,5 wickets,Gqeberha,"Dec 12, 2023",T20I # 2396,https://www.espncricinfo.com/series/india-in-south-africa-2023-24-1387592/south-africa-vs-india-2nd-t20i-1387598/full-scorecard
Kenya,Sierra Leone,Kenya,8 wickets,Benoni,"Dec 12, 2023",T20I # 2395,https://www.espncricinfo.com/series/africa-cricket-association-cup-2023-24-1412206/kenya-vs-sierra-leone-3rd-match-group-b-1412213/full-scorecard
Botswana,Ghana,Botswana,38 runs,Benoni,"Dec 11, 2023",T20I # 2394,https://www.espncricinfo.com/series/africa-cricket-association-cup-2023-24-1412206/botswana-vs-ghana-2nd-match-group-b-1412212/full-scorecard
Rwanda,Uganda,Rwanda,2 runs,Benoni,"Dec 11, 2023",T20I # 2393,https://www.espncricinfo.com/series/africa-cricket-association-cup-2023-24-1412206/rwanda-vs-uganda-1st-match-group-a-1412211/full-scorecard
Cameroon,Sierra Leone,Sierra Leone,9 wickets,Benoni,"Dec 10, 2023",T20I # 2392,https://www.espncricinfo.com/series/east-west-africa-cup-qualifiers-2023-24-1411423/cameroon-vs-sierra-leone-9th-match-group-b-1411442/full-scorecard
Zimbabwe,Ireland,Ireland,6 wickets,Harare,"Dec 10, 2023",T20I # 2391,https://www.espncricinfo.com/series/ireland-in-zimbabwe-2023-24-1408099/zimbabwe-vs-ireland-3rd-t20i-1408105/full-scorecard
Gambia,Ghana,Ghana,98 runs,Benoni,"Dec 10, 2023",T20I # 2390,https://www.espncricinfo.com/series/east-west-africa-cup-qualifiers-2023-24-1411423/gambia-vs-ghana-8th-match-group-a-1411435/full-scorecard
Mali,Sierra Leone,Sierra Leone,8 wickets,Benoni,"Dec 9, 2023",T20I # 2389,https://www.espncricinfo.com/series/east-west-africa-cup-qualifiers-2023-24-1411423/mali-vs-sierra-leone-7th-match-group-b-1411440/full-scorecard
Zimbabwe,Ireland,Ireland,4 wickets,Harare,"Dec 9, 2023",T20I # 2388,https://www.espncricinfo.com/series/ireland-in-zimbabwe-2023-24-1408099/zimbabwe-vs-ireland-2nd-t20i-1408104/full-scorecard
Ghana,Rwanda,Rwanda,3 wickets,Benoni,"Dec 9, 2023",T20I # 2387,https://www.espncricinfo.com/series/east-west-africa-cup-qualifiers-2023-24-1411423/ghana-vs-rwanda-6th-match-group-a-1411441/full-scorecard
Kenya,Mali,Kenya,10 wickets,Benoni,"Dec 8, 2023",T20I # 2386,https://www.espncricinfo.com/series/east-west-africa-cup-qualifiers-2023-24-1411423/kenya-vs-mali-5th-match-group-b-1411438/full-scorecard
Gambia,Rwanda,Rwanda,4 wickets,Benoni,"Dec 8, 2023",T20I # 2385,https://www.espncricinfo.com/series/east-west-africa-cup-qualifiers-2023-24-1411423/gambia-vs-rwanda-4th-match-group-a-1411439/full-scorecard
Zimbabwe,Ireland,Zimbabwe,1 wicket,Harare,"Dec 7, 2023",T20I # 2384,https://www.espncricinfo.com/series/ireland-in-zimbabwe-2023-24-1408099/zimbabwe-vs-ireland-1st-t20i-1408103/full-scorecard
Kenya,Sierra Leone,Kenya,8 wickets,Benoni,"Dec 7, 2023",T20I # 2383,https://www.espncricinfo.com/series/east-west-africa-cup-qualifiers-2023-24-1411423/kenya-vs-sierra-leone-3rd-match-group-b-1411436/full-scorecard
Cameroon,Mali,Cameroon,39 runs,Benoni,"Dec 7, 2023",T20I # 2382,https://www.espncricinfo.com/series/east-west-africa-cup-qualifiers-2023-24-1411423/cameroon-vs-mali-2nd-match-group-b-1411437/full-scorecard
Cameroon,Kenya,Kenya,10 wickets,Benoni,"Dec 6, 2023",T20I # 2381,https://www.espncricinfo.com/series/east-west-africa-cup-qualifiers-2023-24-1411423/cameroon-vs-kenya-1st-match-group-b-1411434/full-scorecard
India,Australia,India,6 runs,Bengaluru,"Dec 3, 2023",T20I # 2380,https://www.espncricinfo.com/series/australia-in-india-2023-24-1389381/india-vs-australia-5th-t20i-1389395/full-scorecard
India,Australia,India,20 runs,Raipur,"Dec 1, 2023",T20I # 2379,https://www.espncricinfo.com/series/australia-in-india-2023-24-1389381/india-vs-australia-4th-t20i-1389394/full-scorecard
Namibia,Nigeria,Namibia,8 wickets,Windhoek,"Nov 30, 2023",T20I # 2378,https://www.espncricinfo.com/series/icc-men-s-t20-world-cup-africa-region-qualifier-2023-24-1407043/namibia-vs-nigeria-21st-match-1407109/full-scorecard
Kenya,Zimbabwe,Zimbabwe,110 runs,Windhoek,"Nov 30, 2023",T20I # 2376,https://www.espncricinfo.com/series/icc-men-s-t20-world-cup-africa-region-qualifier-2023-24-1407043/kenya-vs-zimbabwe-19th-match-1407107/full-scorecard
Rwanda,Uganda,Uganda,9 wickets,Windhoek,"Nov 30, 2023",T20I # 2377,https://www.espncricinfo.com/series/icc-men-s-t20-world-cup-africa-region-qualifier-2023-24-1407043/rwanda-vs-uganda-20th-match-1407108/full-scorecard
Kenya,Uganda,Uganda,33 runs,Windhoek,"Nov 29, 2023",T20I # 2375,https://www.espncricinfo.com/series/icc-men-s-t20-world-cup-africa-region-qualifier-2023-24-1407043/kenya-vs-uganda-18th-match-1407106/full-scorecard
Nigeria,Zimbabwe,Zimbabwe,6 wickets,Windhoek,"Nov 29, 2023",T20I # 2373,https://www.espncricinfo.com/series/icc-men-s-t20-world-cup-africa-region-qualifier-2023-24-1407043/nigeria-vs-zimbabwe-16th-match-1407104/full-scorecard
Rwanda,Tanzania,Tanzania,51 runs,Windhoek,"Nov 29, 2023",T20I # 2374,https://www.espncricinfo.com/series/icc-men-s-t20-world-cup-africa-region-qualifier-2023-24-1407043/rwanda-vs-tanzania-17th-match-1407105/full-scorecard
India,Australia,Australia,5 wickets,Guwahati,"Nov 28, 2023",T20I # 2372,https://www.espncricinfo.com/series/australia-in-india-2023-24-1389381/india-vs-australia-3rd-t20i-1389393/full-scorecard
Namibia,Tanzania,Namibia,58 runs,Windhoek,"Nov 28, 2023",T20I # 2371,https://www.espncricinfo.com/series/icc-men-s-t20-world-cup-africa-region-qualifier-2023-24-1407043/namibia-vs-tanzania-15th-match-1407103/full-scorecard
Namibia,Kenya,Namibia,6 wickets,Windhoek,"Nov 27, 2023",T20I # 2368,https://www.espncricinfo.com/series/icc-men-s-t20-world-cup-africa-region-qualifier-2023-24-1407043/namibia-vs-kenya-12th-match-1407102/full-scorecard
Rwanda,Zimbabwe,Zimbabwe,144 runs,Windhoek,"Nov 27, 2023",T20I # 2369,https://www.espncricinfo.com/series/icc-men-s-t20-world-cup-africa-region-qualifier-2023-24-1407043/rwanda-vs-zimbabwe-13th-match-1407101/full-scorecard
Nigeria,Uganda,Uganda,9 wickets,Windhoek,"Nov 27, 2023",T20I # 2370,https://www.espncricinfo.com/series/icc-men-s-t20-world-cup-africa-region-qualifier-2023-24-1407043/nigeria-vs-uganda-14th-match-1407100/full-scorecard
India,Australia,India,44 runs,Thiruvananthapuram,"Nov 26, 2023",T20I # 2367,https://www.espncricinfo.com/series/australia-in-india-2023-24-1389381/india-vs-australia-2nd-t20i-1389392/full-scorecard
Nigeria,Tanzania,Nigeria,3 wickets,Windhoek,"Nov 26, 2023",T20I # 2366,https://www.espncricinfo.com/series/icc-men-s-t20-world-cup-africa-region-qualifier-2023-24-1407043/nigeria-vs-tanzania-11th-match-1407098/full-scorecard
Uganda,Zimbabwe,Uganda,5 wickets,Windhoek,"Nov 26, 2023",T20I # 2365,https://www.espncricinfo.com/series/icc-men-s-t20-world-cup-africa-region-qualifier-2023-24-1407043/uganda-vs-zimbabwe-10th-match-1407099/full-scorecard
Namibia,Rwanda,Namibia,68 runs,Windhoek,"Nov 25, 2023",T20I # 2364,https://www.espncricinfo.com/series/icc-men-s-t20-world-cup-africa-region-qualifier-2023-24-1407043/namibia-vs-rwanda-9th-match-1407097/full-scorecard
Kenya,Tanzania,Kenya,50 runs,Windhoek,"Nov 25, 2023",T20I # 2363,https://www.espncricinfo.com/series/icc-men-s-t20-world-cup-africa-region-qualifier-2023-24-1407043/kenya-vs-tanzania-8th-match-1407096/full-scorecard
Namibia,Uganda,Namibia,6 wickets,Windhoek,"Nov 24, 2023",T20I # 2362,https://www.espncricinfo.com/series/icc-men-s-t20-world-cup-africa-region-qualifier-2023-24-1407043/namibia-vs-uganda-7th-match-1407095/full-scorecard
Nigeria,Rwanda,no result,-,Windhoek,"Nov 24, 2023",T20I # 2361,https://www.espncricinfo.com/series/icc-men-s-t20-world-cup-africa-region-qualifier-2023-24-1407043/nigeria-vs-rwanda-6th-match-1407094/full-scorecard
India,Australia,India,2 wickets,Visakhapatnam,"Nov 23, 2023",T20I # 2360,https://www.espncricinfo.com/series/australia-in-india-2023-24-1389381/india-vs-australia-1st-t20i-1389391/full-scorecard
Tanzania,Zimbabwe,Zimbabwe,9 wickets,Windhoek,"Nov 23, 2023",T20I # 2359,https://www.espncricinfo.com/series/icc-men-s-t20-world-cup-africa-region-qualifier-2023-24-1407043/tanzania-vs-zimbabwe-5th-match-1407093/full-scorecard
Kenya,Nigeria,Kenya,4 wickets,Windhoek,"Nov 23, 2023",T20I # 2358,https://www.espncricinfo.com/series/icc-men-s-t20-world-cup-africa-region-qualifier-2023-24-1407043/kenya-vs-nigeria-4th-match-1407092/full-scorecard
Indonesia,Cambodia,Indonesia,-,Bali,"Nov 23, 2023",T20I # 2357,https://www.espncricinfo.com/series/cambodia-in-indonesia-2023-24-1407430/indonesia-vs-cambodia-6th-t20i-1407719/full-scorecard
Namibia,Zimbabwe,Namibia,7 wickets,Windhoek,"Nov 22, 2023",T20I # 2356,https://www.espncricinfo.com/series/icc-men-s-t20-world-cup-africa-region-qualifier-2023-24-1407043/namibia-vs-zimbabwe-3rd-match-1407091/full-scorecard
Kenya,Rwanda,Kenya,17 runs,Windhoek,"Nov 22, 2023",T20I # 2354,https://www.espncricinfo.com/series/icc-men-s-t20-world-cup-africa-region-qualifier-2023-24-1407043/kenya-vs-rwanda-1st-match-1407089/full-scorecard
Tanzania,Uganda,Uganda,8 wickets,Windhoek,"Nov 22, 2023",T20I # 2355,https://www.espncricinfo.com/series/icc-men-s-t20-world-cup-africa-region-qualifier-2023-24-1407043/tanzania-vs-uganda-2nd-match-1407090/full-scorecard
Indonesia,Cambodia,Cambodia,7 wickets,Bali,"Nov 22, 2023",T20I # 2353,https://www.espncricinfo.com/series/cambodia-in-indonesia-2023-24-1407430/indonesia-vs-cambodia-5th-t20i-1407718/full-scorecard
Indonesia,Cambodia,Indonesia,104 runs,Bali,"Nov 21, 2023",T20I # 2352,https://www.espncricinfo.com/series/cambodia-in-indonesia-2023-24-1407430/indonesia-vs-cambodia-4th-t20i-1407717/full-scorecard
Indonesia,Cambodia,Cambodia,8 wickets,Bali,"Nov 21, 2023",T20I # 2351,https://www.espncricinfo.com/series/cambodia-in-indonesia-2023-24-1407430/indonesia-vs-cambodia-3rd-t20i-1407716/full-scorecard
Indonesia,Cambodia,Indonesia,8 wickets,Bali,"Nov 20, 2023",T20I # 2350,https://www.espncricinfo.com/series/cambodia-in-indonesia-2023-24-1407430/indonesia-vs-cambodia-2nd-t20i-1407715/full-scorecard
Indonesia,Cambodia,Indonesia,7 wickets,Bali,"Nov 20, 2023",T20I # 2349,https://www.espncricinfo.com/series/cambodia-in-indonesia-2023-24-1407430/indonesia-vs-cambodia-1st-t20i-1407714/full-scorecard
Nepal,Oman,tied,-,Kirtipur,"Nov 5, 2023",T20I # 2348,https://www.espncricinfo.com/series/icc-men-s-t20-world-cup-asia-qualifier-final-2023-24-1405299/nepal-vs-oman-final-1405327/full-scorecard
Bahrain,Oman,Oman,10 wickets,Kirtipur,"Nov 3, 2023",T20I # 2346,https://www.espncricinfo.com/series/icc-men-s-t20-world-cup-asia-qualifier-final-2023-24-1405299/bahrain-vs-oman-1st-semi-final-1405325/full-scorecard
Nepal,U.A.E.,Nepal,8 wickets,Mulpani,"Nov 3, 2023",T20I # 2347,https://www.espncricinfo.com/series/icc-men-s-t20-world-cup-asia-qualifier-final-2023-24-1405299/nepal-vs-united-arab-emirates-2nd-semi-final-1405326/full-scorecard
Malaysia,Singapore,Malaysia,60 runs,Kirtipur,"Nov 2, 2023",T20I # 2344,https://www.espncricinfo.com/series/icc-men-s-t20-world-cup-asia-qualifier-final-2023-24-1405299/malaysia-vs-singapore-11th-match-group-a-1405323/full-scorecard
Bahrain,Kuwait,Kuwait,4 wickets,Mulpani,"Nov 2, 2023",T20I # 2345,https://www.espncricinfo.com/series/icc-men-s-t20-world-cup-asia-qualifier-final-2023-24-1405299/bahrain-vs-kuwait-12th-match-group-b-1405324/full-scorecard
Nepal,Oman,Oman,5 runs,Kirtipur,"Nov 2, 2023",T20I # 2342,https://www.espncricinfo.com/series/icc-men-s-t20-world-cup-asia-qualifier-final-2023-24-1405299/nepal-vs-oman-9th-match-group-a-1405321/full-scorecard
Hong Kong,U.A.E.,U.A.E.,22 runs,Mulpani,"Nov 2, 2023",T20I # 2343,https://www.espncricinfo.com/series/icc-men-s-t20-world-cup-asia-qualifier-final-2023-24-1405299/hong-kong-vs-united-arab-emirates-10th-match-group-b-1405322/full-scorecard
Nepal,Malaysia,Nepal,6 wickets,Kirtipur,"Oct 31, 2023",T20I # 2340,https://www.espncricinfo.com/series/icc-men-s-t20-world-cup-asia-qualifier-final-2023-24-1405299/nepal-vs-malaysia-7th-match-group-a-1405319/full-scorecard
Kuwait,U.A.E.,U.A.E.,5 wickets,Mulpani,"Oct 31, 2023",T20I # 2341,https://www.espncricinfo.com/series/icc-men-s-t20-world-cup-asia-qualifier-final-2023-24-1405299/kuwait-vs-united-arab-emirates-8th-match-group-b-1405320/full-scorecard
Oman,Singapore,Oman,22 runs,Kirtipur,"Oct 31, 2023",T20I # 2338,https://www.espncricinfo.com/series/icc-men-s-t20-world-cup-asia-qualifier-final-2023-24-1405299/oman-vs-singapore-5th-match-group-a-1405317/full-scorecard
Bahrain,Hong Kong,Bahrain,20 runs,Mulpani,"Oct 31, 2023",T20I # 2339,https://www.espncricinfo.com/series/icc-men-s-t20-world-cup-asia-qualifier-final-2023-24-1405299/bahrain-vs-hong-kong-6th-match-group-b-1405318/full-scorecard
Namibia,Zimbabwe,Namibia,8 runs,Windhoek,"Oct 30, 2023",T20I # 2337,https://www.espncricinfo.com/series/zimbabwe-in-namibia-2023-24-1404388/namibia-vs-zimbabwe-5th-t20i-1404394/full-scorecard
Malaysia,Oman,Oman,32 runs,Kirtipur,"Oct 30, 2023",T20I # 2335,https://www.espncricinfo.com/series/icc-men-s-t20-world-cup-asia-qualifier-final-2023-24-1405299/malaysia-vs-oman-3rd-match-group-a-1405315/full-scorecard
Hong Kong,Kuwait,Hong Kong,16 runs,Mulpani,"Oct 30, 2023",T20I # 2336,https://www.espncricinfo.com/series/icc-men-s-t20-world-cup-asia-qualifier-final-2023-24-1405299/hong-kong-vs-kuwait-4th-match-group-b-1405316/full-scorecard
Bahrain,U.A.E.,U.A.E.,5 wickets,Mulpani,"Oct 30, 2023",T20I # 2333,https://www.espncricinfo.com/series/icc-men-s-t20-world-cup-asia-qualifier-final-2023-24-1405299/bahrain-vs-united-arab-emirates-1st-match-group-b-1405313/full-scorecard
Nepal,Singapore,Nepal,8 wickets,Kirtipur,"Oct 30, 2023",T20I # 2334,https://www.espncricinfo.com/series/icc-men-s-t20-world-cup-asia-qualifier-final-2023-24-1405299/nepal-vs-singapore-2nd-match-group-a-1405314/full-scorecard
Namibia,Zimbabwe,Namibia,7 wickets,Windhoek,"Oct 29, 2023",T20I # 2332,https://www.espncricinfo.com/series/zimbabwe-in-namibia-2023-24-1404388/namibia-vs-zimbabwe-4th-t20i-1404393/full-scorecard
Namibia,Zimbabwe,Zimbabwe,6 wickets,Windhoek,"Oct 27, 2023",T20I # 2331,https://www.espncricinfo.com/series/zimbabwe-in-namibia-2023-24-1404388/namibia-vs-zimbabwe-3rd-t20i-1404392/full-scorecard
Nepal,U.A.E.,U.A.E.,4 wickets,Kirtipur,"Oct 27, 2023",T20I # 2330,https://www.espncricinfo.com/series/nepal-tri-nation-t20i-series-2023-24-1403272/nepal-vs-united-arab-emirates-final-1403294/full-scorecard
Hong Kong,U.A.E.,Hong Kong,69 runs,Mulpani,"Oct 25, 2023",T20I # 2328,https://www.espncricinfo.com/series/nepal-tri-nation-t20i-series-2023-24-1403272/hong-kong-vs-united-arab-emirates-6th-match-1403293/full-scorecard
Namibia,Zimbabwe,Zimbabwe,5 wickets,Windhoek,"Oct 25, 2023",T20I # 2329,https://www.espncricinfo.com/series/zimbabwe-in-namibia-2023-24-1404388/namibia-vs-zimbabwe-2nd-t20i-1404391/full-scorecard
Namibia,Zimbabwe,Namibia,7 wickets,Windhoek,"Oct 24, 2023",T20I # 2327,https://www.espncricinfo.com/series/zimbabwe-in-namibia-2023-24-1404388/namibia-vs-zimbabwe-1st-t20i-1404390/full-scorecard
Nepal,U.A.E.,Nepal,5 wickets,Mulpani,"Oct 23, 2023",T20I # 2326,https://www.espncricinfo.com/series/nepal-tri-nation-t20i-series-2023-24-1403272/nepal-vs-united-arab-emirates-5th-match-1403292/full-scorecard
Hong Kong,U.A.E.,U.A.E.,6 wickets,Mulpani,"Oct 22, 2023",T20I # 2325,https://www.espncricinfo.com/series/nepal-tri-nation-t20i-series-2023-24-1403272/hong-kong-vs-united-arab-emirates-4th-match-1403291/full-scorecard
Nepal,Hong Kong,Nepal,79 runs,Mulpani,"Oct 21, 2023",T20I # 2324,https://www.espncricinfo.com/series/nepal-tri-nation-t20i-series-2023-24-1403272/nepal-vs-hong-kong-3rd-match-1403290/full-scorecard
Argentina,Chile,Argentina,10 wickets,Buenos Aires,"Oct 20, 2023",T20I # 2323,https://www.espncricinfo.com/series/south-american-men-s-championships-2023-24-1403276/argentina-vs-chile-11th-match-group-a-1403305/full-scorecard
Argentina,Mexico,Argentina,4 wickets,Buenos Aires,"Oct 19, 2023",T20I # 2322,https://www.espncricinfo.com/series/south-american-men-s-championships-2023-24-1403276/argentina-vs-mexico-7th-match-group-a-1403301/full-scorecard
Nepal,Hong Kong,Nepal,6 wickets,Mulpani,"Oct 19, 2023",T20I # 2321,https://www.espncricinfo.com/series/nepal-tri-nation-t20i-series-2023-24-1403272/nepal-vs-hong-kong-2nd-match-1403289/full-scorecard
Chile,Mexico,Mexico,5 wickets,Buenos Aires,"Oct 18, 2023",T20I # 2320,https://www.espncricinfo.com/series/south-american-men-s-championships-2023-24-1403276/chile-vs-mexico-3rd-match-group-a-1403297/full-scorecard
Nepal,U.A.E.,Nepal,7 wickets,Mulpani,"Oct 18, 2023",T20I # 2319,https://www.espncricinfo.com/series/nepal-tri-nation-t20i-series-2023-24-1403272/nepal-vs-united-arab-emirates-1st-match-1403288/full-scorecard
Nigeria,Rwanda,Nigeria,17 runs,Lagos,"Oct 15, 2023",T20I # 2318,https://www.espncricinfo.com/series/west-africa-trophy-2023-24-1400971/nigeria-vs-rwanda-final-1400991/full-scorecard
Gibraltar,Luxembourg,Luxembourg,11 runs,Gibraltar,"Oct 15, 2023",T20I # 2317,https://www.espncricinfo.com/series/luxembourg-in-gibraltar-2023-24-1400049/gibraltar-vs-luxembourg-2nd-t20i-1400056/full-scorecard
Ghana,Sierra Leone,Sierra Leone,6 wickets,Lagos,"Oct 15, 2023",T20I # 2316,https://www.espncricinfo.com/series/west-africa-trophy-2023-24-1400971/ghana-vs-sierra-leone-3rd-place-play-off-1400990/full-scorecard
Gibraltar,Luxembourg,Gibraltar,24 runs,Gibraltar,"Oct 15, 2023",T20I # 2315,https://www.espncricinfo.com/series/luxembourg-in-gibraltar-2023-24-1400049/gibraltar-vs-luxembourg-1st-t20i-1400055/full-scorecard
Ghana,Sierra Leone,Ghana,5 runs,Lagos,"Oct 14, 2023",T20I # 2314,https://www.espncricinfo.com/series/west-africa-trophy-2023-24-1400971/ghana-vs-sierra-leone-18th-match-1400989/full-scorecard
Nigeria,Rwanda,Nigeria,8 wickets,Lagos,"Oct 14, 2023",T20I # 2313,https://www.espncricinfo.com/series/west-africa-trophy-2023-24-1400971/nigeria-vs-rwanda-17th-match-1400988/full-scorecard
Nigeria,Sierra Leone,Nigeria,53 runs,Lagos,"Oct 12, 2023",T20I # 2312,https://www.espncricinfo.com/series/west-africa-trophy-2023-24-1400971/nigeria-vs-sierra-leone-16th-match-1400987/full-scorecard
Ghana,Rwanda,Rwanda,9 wickets,Lagos,"Oct 12, 2023",T20I # 2311,https://www.espncricinfo.com/series/west-africa-trophy-2023-24-1400971/ghana-vs-rwanda-15th-match-1400986/full-scorecard
Rwanda,Sierra Leone,Rwanda,5 wickets,Lagos,"Oct 11, 2023",T20I # 2310,https://www.espncricinfo.com/series/west-africa-trophy-2023-24-1400971/rwanda-vs-sierra-leone-14th-match-1400985/full-scorecard
Nigeria,Ghana,Nigeria,5 wickets,Lagos,"Oct 11, 2023",T20I # 2309,https://www.espncricinfo.com/series/west-africa-trophy-2023-24-1400971/nigeria-vs-ghana-13th-match-1400984/full-scorecard
Rwanda,Sierra Leone,Sierra Leone,2 runs,Lagos,"Oct 10, 2023",T20I # 2308,https://www.espncricinfo.com/series/west-africa-trophy-2023-24-1400971/rwanda-vs-sierra-leone-12th-match-1400983/full-scorecard
Nigeria,Ghana,Nigeria,82 runs,Lagos,"Oct 10, 2023",T20I # 2307,https://www.espncricinfo.com/series/west-africa-trophy-2023-24-1400971/nigeria-vs-ghana-11th-match-1400982/full-scorecard
Ghana,Rwanda,Rwanda,47 runs,Lagos,"Oct 8, 2023",T20I # 2306,https://www.espncricinfo.com/series/west-africa-trophy-2023-24-1400971/ghana-vs-rwanda-10th-match-1400981/full-scorecard
Nigeria,Sierra Leone,Nigeria,9 wickets,Lagos,"Oct 8, 2023",T20I # 2305,https://www.espncricinfo.com/series/west-africa-trophy-2023-24-1400971/nigeria-vs-sierra-leone-9th-match-1400980/full-scorecard
Bermuda,Canada,Canada,39 runs,Hamilton,"Oct 7, 2023",T20I # 2304,https://www.espncricinfo.com/series/icc-men-s-t20-world-cup-americas-region-final-2023-24-1399133/bermuda-vs-canada-12th-match-1399161/full-scorecard
Ghana,Sierra Leone,Ghana,8 wickets,Lagos,"Oct 7, 2023",T20I # 2303,https://www.espncricinfo.com/series/west-africa-trophy-2023-24-1400971/ghana-vs-sierra-leone-8th-match-1400979/full-scorecard
Nigeria,Rwanda,Nigeria,6 wickets,Lagos,"Oct 7, 2023",T20I # 2302,https://www.espncricinfo.com/series/west-africa-trophy-2023-24-1400971/nigeria-vs-rwanda-7th-match-1400978/full-scorecard
Afghanistan,India,no result,-,Hangzhou,"Oct 7, 2023",T20I # 2301,https://www.espncricinfo.com/series/asian-games-men-s-cricket-competition-2023-1398685/afghanistan-vs-india-final-1399120/full-scorecard
Bangladesh,Pakistan,Bangladesh,6 wickets,Hangzhou,"Oct 7, 2023",T20I # 2300,https://www.espncricinfo.com/series/asian-games-men-s-cricket-competition-2023-1398685/bangladesh-vs-pakistan-3rd-place-play-off-1399119/full-scorecard
Rwanda,Sierra Leone,Rwanda,33 runs,Lagos,"Oct 6, 2023",T20I # 2299,https://www.espncricinfo.com/series/west-africa-trophy-2023-24-1400971/rwanda-vs-sierra-leone-6th-match-1400977/full-scorecard
Nigeria,Ghana,Nigeria,35 runs,Lagos,"Oct 6, 2023",T20I # 2298,https://www.espncricinfo.com/series/west-africa-trophy-2023-24-1400971/nigeria-vs-ghana-5th-match-1400976/full-scorecard
Afghanistan,Pakistan,Afghanistan,4 wickets,Hangzhou,"Oct 6, 2023",T20I # 2297,https://www.espncricinfo.com/series/asian-games-men-s-cricket-competition-2023-1398685/afghanistan-vs-pakistan-2nd-semi-final-1399118/full-scorecard
Bangladesh,India,India,9 wickets,Hangzhou,"Oct 6, 2023",T20I # 2296,https://www.espncricinfo.com/series/asian-games-men-s-cricket-competition-2023-1398685/bangladesh-vs-india-1st-semi-final-1399117/full-scorecard
Ghana,Rwanda,tied,-,Lagos,"Oct 5, 2023",T20I # 2295,https://www.espncricinfo.com/series/west-africa-trophy-2023-24-1400971/ghana-vs-rwanda-4th-match-1400975/full-scorecard
Gibraltar,Serbia,Gibraltar,7 wickets,Gibraltar,"Oct 5, 2023",T20I # 2294,https://www.espncricinfo.com/series/serbia-in-gibraltar-2023-24-1400047/gibraltar-vs-serbia-2nd-t20i-1400054/full-scorecard
Kuwait,Saudi Arabia,Kuwait,4 wickets,Doha,"Oct 5, 2023",T20I # 2293,https://www.espncricinfo.com/series/men-s-t20-world-cup-sub-regional-asia-qualifier-a-2023-24-1399129/kuwait-vs-saudi-arabia-12th-match-1399149/full-scorecard
Nigeria,Sierra Leone,Nigeria,63 runs,Lagos,"Oct 5, 2023",T20I # 2292,https://www.espncricinfo.com/series/west-africa-trophy-2023-24-1400971/nigeria-vs-sierra-leone-3rd-match-1400974/full-scorecard
Gibraltar,Serbia,Gibraltar,7 wickets,Gibraltar,"Oct 5, 2023",T20I # 2291,https://www.espncricinfo.com/series/serbia-in-gibraltar-2023-24-1400047/gibraltar-vs-serbia-1st-t20i-1400053/full-scorecard
Qatar,Maldives,Qatar,42 runs,Doha,"Oct 5, 2023",T20I # 2290,https://www.espncricinfo.com/series/men-s-t20-world-cup-sub-regional-asia-qualifier-a-2023-24-1399129/qatar-vs-maldives-11th-match-1399148/full-scorecard
Bermuda,Panama,Bermuda,5 wickets,Hamilton,"Oct 4, 2023",T20I # 2289,https://www.espncricinfo.com/series/icc-men-s-t20-world-cup-americas-region-final-2023-24-1399133/bermuda-vs-panama-8th-match-1399157/full-scorecard
Ghana,Sierra Leone,Ghana,3 wickets,Lagos,"Oct 4, 2023",T20I # 2288,https://www.espncricinfo.com/series/west-africa-trophy-2023-24-1400971/ghana-vs-sierra-leone-2nd-match-1400973/full-scorecard
Canada,Cayman Is,Canada,166 runs,Hamilton,"Oct 4, 2023",T20I # 2287,https://www.espncricinfo.com/series/icc-men-s-t20-world-cup-americas-region-final-2023-24-1399133/canada-vs-cayman-islands-7th-match-1399156/full-scorecard
Qatar,Saudi Arabia,Saudi Arabia,7 wickets,Doha,"Oct 4, 2023",T20I # 2286,https://www.espncricinfo.com/series/men-s-t20-world-cup-sub-regional-asia-qualifier-a-2023-24-1399129/qatar-vs-saudi-arabia-10th-match-1399147/full-scorecard
Nigeria,Rwanda,Nigeria,54 runs,Lagos,"Oct 4, 2023",T20I # 2285,https://www.espncricinfo.com/series/west-africa-trophy-2023-24-1400971/nigeria-vs-rwanda-1st-match-1400972/full-scorecard
Bangladesh,Malaysia,Bangladesh,2 runs,Hangzhou,"Oct 4, 2023",T20I # 2283,https://www.espncricinfo.com/series/asian-games-men-s-cricket-competition-2023-1398685/bangladesh-vs-malaysia-4th-quarter-final-1399116/full-scorecard
Kuwait,Maldives,Kuwait,8 wickets,Doha,"Oct 4, 2023",T20I # 2284,https://www.espncricinfo.com/series/men-s-t20-world-cup-sub-regional-asia-qualifier-a-2023-24-1399129/kuwait-vs-maldives-9th-match-1399146/full-scorecard
Afghanistan,Sri Lanka,Afghanistan,8 runs,Hangzhou,"Oct 4, 2023",T20I # 2282,https://www.espncricinfo.com/series/asian-games-men-s-cricket-competition-2023-1398685/afghanistan-vs-sri-lanka-3rd-quarter-final-1399115/full-scorecard
Bermuda,Cayman Is,Bermuda,53 runs,Hamilton,"Oct 3, 2023",T20I # 2281,https://www.espncricinfo.com/series/icc-men-s-t20-world-cup-americas-region-final-2023-24-1399133/bermuda-vs-cayman-islands-6th-match-1399155/full-scorecard
Canada,Panama,Canada,163 runs,Hamilton,"Oct 3, 2023",T20I # 2280,https://www.espncricinfo.com/series/icc-men-s-t20-world-cup-americas-region-final-2023-24-1399133/canada-vs-panama-5th-match-1399154/full-scorecard
Hong Kong,Pakistan,Pakistan,68 runs,Hangzhou,"Oct 3, 2023",T20I # 2279,https://www.espncricinfo.com/series/asian-games-men-s-cricket-competition-2023-1398685/hong-kong-vs-pakistan-2nd-quarter-final-1399114/full-scorecard
India,Nepal,India,23 runs,Hangzhou,"Oct 3, 2023",T20I # 2278,https://www.espncricinfo.com/series/asian-games-men-s-cricket-competition-2023-1398685/india-vs-nepal-1st-quarter-final-1399113/full-scorecard
Maldives,Saudi Arabia,Saudi Arabia,9 wickets,Doha,"Oct 2, 2023",T20I # 2277,https://www.espncricinfo.com/series/men-s-t20-world-cup-sub-regional-asia-qualifier-a-2023-24-1399129/maldives-vs-saudi-arabia-8th-match-1399145/full-scorecard
Qatar,Kuwait,Kuwait,5 wickets,Doha,"Oct 2, 2023",T20I # 2276,https://www.espncricinfo.com/series/men-s-t20-world-cup-sub-regional-asia-qualifier-a-2023-24-1399129/qatar-vs-kuwait-7th-match-1399144/full-scorecard
Malaysia,Thailand,Malaysia,194 runs,Hangzhou,"Oct 2, 2023",T20I # 2275,https://www.espncricinfo.com/series/asian-games-men-s-cricket-competition-2023-1398685/malaysia-vs-thailand-9th-match-group-c-1399112/full-scorecard
Canada,Cayman Is,Canada,108 runs,Sandys Parish,"Oct 1, 2023",T20I # 2274,https://www.espncricinfo.com/series/icc-men-s-t20-world-cup-americas-region-final-2023-24-1399133/canada-vs-cayman-islands-4th-match-1399153/full-scorecard
Bermuda,Panama,Bermuda,7 wickets,Sandys Parish,"Oct 1, 2023",T20I # 2273,https://www.espncricinfo.com/series/icc-men-s-t20-world-cup-americas-region-final-2023-24-1399133/bermuda-vs-panama-3rd-match-1399152/full-scorecard
Kuwait,Saudi Arabia,Saudi Arabia,3 wickets,Doha,"Oct 1, 2023",T20I # 2272,https://www.espncricinfo.com/series/men-s-t20-world-cup-sub-regional-asia-qualifier-a-2023-24-1399129/kuwait-vs-saudi-arabia-6th-match-1399143/full-scorecard
Hong Kong,Japan,Hong Kong,5 wickets,Hangzhou,"Oct 1, 2023",T20I # 2270,https://www.espncricinfo.com/series/asian-games-men-s-cricket-competition-2023-1398685/hong-kong-vs-japan-8th-match-group-b-1399111/full-scorecard
Qatar,Maldives,Qatar,9 wickets,Doha,"Oct 1, 2023",T20I # 2271,https://www.espncricinfo.com/series/men-s-t20-world-cup-sub-regional-asia-qualifier-a-2023-24-1399129/qatar-vs-maldives-5th-match-1399142/full-scorecard
Maldives,Nepal,Nepal,138 runs,Hangzhou,"Oct 1, 2023",T20I # 2269,https://www.espncricinfo.com/series/asian-games-men-s-cricket-competition-2023-1398685/maldives-vs-nepal-7th-match-group-a-1399110/full-scorecard
Cayman Is,Panama,Cayman Is,7 wickets,Sandys Parish,"Sep 30, 2023",T20I # 2268,https://www.espncricinfo.com/series/icc-men-s-t20-world-cup-americas-region-final-2023-24-1399133/cayman-islands-vs-panama-2nd-match-1399151/full-scorecard
Gibraltar,Estonia,Estonia,8 wickets,Gibraltar,"Sep 30, 2023",T20I # 2267,https://www.espncricinfo.com/series/estonia-in-gibraltar-2023-1391326/gibraltar-vs-estonia-2nd-t20i-1391339/full-scorecard
Bermuda,Canada,Bermuda,86 runs,Sandys Parish,"Sep 30, 2023",T20I # 2266,https://www.espncricinfo.com/series/icc-men-s-t20-world-cup-americas-region-final-2023-24-1399133/bermuda-vs-canada-1st-match-1399150/full-scorecard
Gibraltar,Estonia,Gibraltar,2 wickets,Gibraltar,"Sep 30, 2023",T20I # 2265,https://www.espncricinfo.com/series/estonia-in-gibraltar-2023-1391326/gibraltar-vs-estonia-1st-t20i-1391338/full-scorecard
Qatar,Saudi Arabia,Saudi Arabia,4 wickets,Doha,"Sep 29, 2023",T20I # 2264,https://www.espncricinfo.com/series/men-s-t20-world-cup-sub-regional-asia-qualifier-a-2023-24-1399129/qatar-vs-saudi-arabia-4th-match-1399141/full-scorecard
Singapore,Thailand,Singapore,99 runs,Hangzhou,"Sep 29, 2023",T20I # 2262,https://www.espncricinfo.com/series/asian-games-men-s-cricket-competition-2023-1398685/singapore-vs-thailand-6th-match-group-c-1399109/full-scorecard
Kuwait,Maldives,Kuwait,7 wickets,Doha,"Sep 29, 2023",T20I # 2263,https://www.espncricinfo.com/series/men-s-t20-world-cup-sub-regional-asia-qualifier-a-2023-24-1399129/kuwait-vs-maldives-3rd-match-1399140/full-scorecard
Cambodia,Hong Kong,Hong Kong,9 wickets,Hangzhou,"Sep 29, 2023",T20I # 2261,https://www.espncricinfo.com/series/asian-games-men-s-cricket-competition-2023-1398685/cambodia-vs-hong-kong-5th-match-group-b-1399108/full-scorecard
Maldives,Saudi Arabia,Saudi Arabia,62 runs,Doha,"Sep 28, 2023",T20I # 2260,https://www.espncricinfo.com/series/men-s-t20-world-cup-sub-regional-asia-qualifier-a-2023-24-1399129/maldives-vs-saudi-arabia-2nd-match-1399139/full-scorecard
Maldives,Mongolia,Maldives,9 wickets,Hangzhou,"Sep 28, 2023",T20I # 2258,https://www.espncricinfo.com/series/asian-games-men-s-cricket-competition-2023-1398685/maldives-vs-mongolia-4th-match-group-a-1399107/full-scorecard
Qatar,Kuwait,Kuwait,7 wickets,Doha,"Sep 28, 2023",T20I # 2259,https://www.espncricinfo.com/series/men-s-t20-world-cup-sub-regional-asia-qualifier-a-2023-24-1399129/qatar-vs-kuwait-1st-match-1399138/full-scorecard
Malaysia,Singapore,Malaysia,73 runs,Hangzhou,"Sep 28, 2023",T20I # 2257,https://www.espncricinfo.com/series/asian-games-men-s-cricket-competition-2023-1398685/malaysia-vs-singapore-3rd-match-group-c-1399106/full-scorecard
Cambodia,Japan,Japan,3 wickets,Hangzhou,"Sep 27, 2023",T20I # 2256,https://www.espncricinfo.com/series/asian-games-men-s-cricket-competition-2023-1398685/cambodia-vs-japan-2nd-match-group-b-1399105/full-scorecard
Mongolia,Nepal,Nepal,273 runs,Hangzhou,"Sep 27, 2023",T20I # 2255,https://www.espncricinfo.com/series/asian-games-men-s-cricket-competition-2023-1398685/mongolia-vs-nepal-1st-match-group-a-1399104/full-scorecard
Hong Kong,P.N.G.,P.N.G.,1 wicket,Kuala Lumpur,"Sep 24, 2023",T20I # 2254,https://www.espncricinfo.com/series/malaysia-tri-nation-t20i-series-2023-1398291/hong-kong-vs-papua-new-guinea-6th-match-1398300/full-scorecard
Oman,U.A.E.,Oman,5 wickets,Doha,"Sep 23, 2023",T20I # 2253,https://www.espncricinfo.com/series/gulf-cricket-t20i-championship-2023-1392788/oman-vs-united-arab-emirates-final-1397439/full-scorecard
Malaysia,P.N.G.,P.N.G.,4 wickets,Kuala Lumpur,"Sep 23, 2023",T20I # 2252,https://www.espncricinfo.com/series/malaysia-tri-nation-t20i-series-2023-1398291/malaysia-vs-papua-new-guinea-5th-match-1398299/full-scorecard
Kuwait,Oman,Oman,68 runs,Doha,"Sep 22, 2023",T20I # 2251,https://www.espncricinfo.com/series/gulf-cricket-t20i-championship-2023-1392788/kuwait-vs-oman-15th-match-1397438/full-scorecard
Bahrain,U.A.E.,Bahrain,3 runs,Doha,"Sep 22, 2023",T20I # 2250,https://www.espncricinfo.com/series/gulf-cricket-t20i-championship-2023-1392788/bahrain-vs-united-arab-emirates-14th-match-1397437/full-scorecard
Malaysia,Hong Kong,Malaysia,23 runs,Kuala Lumpur,"Sep 22, 2023",T20I # 2249,https://www.espncricinfo.com/series/malaysia-tri-nation-t20i-series-2023-1398291/malaysia-vs-hong-kong-4th-match-1398298/full-scorecard
Qatar,Saudi Arabia,Qatar,7 wickets,Doha,"Sep 21, 2023",T20I # 2248,https://www.espncricinfo.com/series/gulf-cricket-t20i-championship-2023-1392788/qatar-vs-saudi-arabia-13th-match-1397436/full-scorecard
Hong Kong,P.N.G.,P.N.G.,22 runs,Kuala Lumpur,"Sep 21, 2023",T20I # 2247,https://www.espncricinfo.com/series/malaysia-tri-nation-t20i-series-2023-1398291/hong-kong-vs-papua-new-guinea-3rd-match-1398297/full-scorecard
Oman,Saudi Arabia,Oman,47 runs,Doha,"Sep 20, 2023",T20I # 2246,https://www.espncricinfo.com/series/gulf-cricket-t20i-championship-2023-1392788/oman-vs-saudi-arabia-12th-match-1392813/full-scorecard
Qatar,U.A.E.,U.A.E.,60 runs,Doha,"Sep 20, 2023",T20I # 2245,https://www.espncricinfo.com/series/gulf-cricket-t20i-championship-2023-1392788/qatar-vs-united-arab-emirates-11th-match-1392812/full-scorecard
Malaysia,P.N.G.,P.N.G.,45 runs,Kuala Lumpur,"Sep 20, 2023",T20I # 2244,https://www.espncricinfo.com/series/malaysia-tri-nation-t20i-series-2023-1398291/malaysia-vs-papua-new-guinea-2nd-match-1398296/full-scorecard
Bahrain,Oman,Bahrain,1 run,Doha,"Sep 19, 2023",T20I # 2243,https://www.espncricinfo.com/series/gulf-cricket-t20i-championship-2023-1392788/bahrain-vs-oman-10th-match-1392811/full-scorecard
Kuwait,U.A.E.,U.A.E.,31 runs,Doha,"Sep 19, 2023",T20I # 2242,https://www.espncricinfo.com/series/gulf-cricket-t20i-championship-2023-1392788/kuwait-vs-united-arab-emirates-9th-match-1392810/full-scorecard
Malaysia,Hong Kong,Malaysia,102 runs,Kuala Lumpur,"Sep 19, 2023",T20I # 2241,https://www.espncricinfo.com/series/malaysia-tri-nation-t20i-series-2023-1398291/malaysia-vs-hong-kong-1st-match-1398295/full-scorecard
Bahrain,Saudi Arabia,Bahrain,6 wickets,Doha,"Sep 18, 2023",T20I # 2240,https://www.espncricinfo.com/series/gulf-cricket-t20i-championship-2023-1392788/bahrain-vs-saudi-arabia-8th-match-1392809/full-scorecard
Qatar,Kuwait,Qatar,1 run,Doha,"Sep 18, 2023",T20I # 2239,https://www.espncricinfo.com/series/gulf-cricket-t20i-championship-2023-1392788/qatar-vs-kuwait-7th-match-1392808/full-scorecard
Saudi Arabia,U.A.E.,U.A.E.,8 wickets,Doha,"Sep 17, 2023",T20I # 2238,https://www.espncricinfo.com/series/gulf-cricket-t20i-championship-2023-1392788/saudi-arabia-vs-united-arab-emirates-6th-match-1392807/full-scorecard
Qatar,Oman,Oman,19 runs,Doha,"Sep 17, 2023",T20I # 2237,https://www.espncricinfo.com/series/gulf-cricket-t20i-championship-2023-1392788/qatar-vs-oman-5th-match-1392806/full-scorecard
Bahrain,Kuwait,Kuwait,8 wickets,Doha,"Sep 16, 2023",T20I # 2236,https://www.espncricinfo.com/series/gulf-cricket-t20i-championship-2023-1392788/bahrain-vs-kuwait-4th-match-1392805/full-scorecard
Oman,U.A.E.,U.A.E.,22 runs,Doha,"Sep 16, 2023",T20I # 2235,https://www.espncricinfo.com/series/gulf-cricket-t20i-championship-2023-1392788/oman-vs-united-arab-emirates-3rd-match-1392804/full-scorecard
Qatar,Bahrain,Qatar,19 runs,Doha,"Sep 15, 2023",T20I # 2234,https://www.espncricinfo.com/series/gulf-cricket-t20i-championship-2023-1392788/qatar-vs-bahrain-2nd-match-1392803/full-scorecard
Kuwait,Saudi Arabia,Kuwait,5 wickets,Doha,"Sep 15, 2023",T20I # 2233,https://www.espncricinfo.com/series/gulf-cricket-t20i-championship-2023-1392788/kuwait-vs-saudi-arabia-1st-match-1392802/full-scorecard
England,New Zealand,New Zealand,6 wickets,Nottingham,"Sep 5, 2023",T20I # 2232,https://www.espncricinfo.com/series/new-zealand-in-england-2023-1336039/england-vs-new-zealand-4th-t20i-1336051/full-scorecard
England,New Zealand,New Zealand,74 runs,Birmingham,"Sep 3, 2023",T20I # 2231,https://www.espncricinfo.com/series/new-zealand-in-england-2023-1336039/england-vs-new-zealand-3rd-t20i-1336050/full-scorecard
South Africa,Australia,Australia,5 wickets,Durban,"Sep 3, 2023",T20I # 2230,https://www.espncricinfo.com/series/australia-tour-of-south-africa-2023-24-1373562/south-africa-vs-australia-3rd-t20i-1373570/full-scorecard
England,New Zealand,England,95 runs,Manchester,"Sep 1, 2023",T20I # 2229,https://www.espncricinfo.com/series/new-zealand-in-england-2023-1336039/england-vs-new-zealand-2nd-t20i-1336049/full-scorecard
South Africa,Australia,Australia,8 wickets,Durban,"Sep 1, 2023",T20I # 2228,https://www.espncricinfo.com/series/australia-tour-of-south-africa-2023-24-1373562/south-africa-vs-australia-2nd-t20i-1373569/full-scorecard
Rwanda,Tanzania,Tanzania,49 runs,Rwanda,"Aug 31, 2023",T20I # 2227,https://www.espncricinfo.com/series/east-africa-cup-2023-1393305/rwanda-vs-tanzania-18th-match-1393332/full-scorecard
Rwanda,Uganda,Uganda,8 wickets,Rwanda,"Aug 31, 2023",T20I # 2226,https://www.espncricinfo.com/series/east-africa-cup-2023-1393305/rwanda-vs-uganda-17th-match-1393320/full-scorecard
England,New Zealand,England,7 wickets,Chester-le-Street,"Aug 30, 2023",T20I # 2225,https://www.espncricinfo.com/series/new-zealand-in-england-2023-1336039/england-vs-new-zealand-1st-t20i-1336048/full-scorecard
South Africa,Australia,Australia,111 runs,Durban,"Aug 30, 2023",T20I # 2224,https://www.espncricinfo.com/series/australia-tour-of-south-africa-2023-24-1373562/south-africa-vs-australia-1st-t20i-1373568/full-scorecard
Rwanda,Tanzania,Tanzania,59 runs,Rwanda,"Aug 30, 2023",T20I # 2223,https://www.espncricinfo.com/series/east-africa-cup-2023-1393305/rwanda-vs-tanzania-16th-match-1393331/full-scorecard
Tanzania,Uganda,Uganda,19 runs,Rwanda,"Aug 30, 2023",T20I # 2222,https://www.espncricinfo.com/series/east-africa-cup-2023-1393305/tanzania-vs-uganda-15th-match-1393319/full-scorecard
Rwanda,Uganda,Uganda,8 wickets,Rwanda,"Aug 28, 2023",T20I # 2221,https://www.espncricinfo.com/series/east-africa-cup-2023-1393305/rwanda-vs-uganda-14th-match-1393318/full-scorecard
Tanzania,Uganda,Uganda,59 runs,Rwanda,"Aug 28, 2023",T20I # 2220,https://www.espncricinfo.com/series/east-africa-cup-2023-1393305/tanzania-vs-uganda-13th-match-1393317/full-scorecard
Rwanda,Uganda,Uganda,6 wickets,Rwanda,"Aug 27, 2023",T20I # 2219,https://www.espncricinfo.com/series/east-africa-cup-2023-1393305/rwanda-vs-uganda-12th-match-1393316/full-scorecard
Rwanda,Tanzania,Tanzania,9 runs,Rwanda,"Aug 27, 2023",T20I # 2218,https://www.espncricinfo.com/series/east-africa-cup-2023-1393305/rwanda-vs-tanzania-11th-match-1393330/full-scorecard
Tanzania,Uganda,Uganda,19 runs,Rwanda,"Aug 25, 2023",T20I # 2217,https://www.espncricinfo.com/series/east-africa-cup-2023-1393305/tanzania-vs-uganda-10th-match-1393329/full-scorecard
Rwanda,Tanzania,Tanzania,1 wicket,Rwanda,"Aug 25, 2023",T20I # 2216,https://www.espncricinfo.com/series/east-africa-cup-2023-1393305/rwanda-vs-tanzania-9th-match-1393315/full-scorecard
Tanzania,Uganda,Uganda,60 runs,Rwanda,"Aug 24, 2023",T20I # 2215,https://www.espncricinfo.com/series/east-africa-cup-2023-1393305/tanzania-vs-uganda-8th-match-1393314/full-scorecard
Rwanda,Uganda,Uganda,86 runs,Rwanda,"Aug 24, 2023",T20I # 2214,https://www.espncricinfo.com/series/east-africa-cup-2023-1393305/rwanda-vs-uganda-7th-match-1393313/full-scorecard
Rwanda,Tanzania,Tanzania,7 wickets,Rwanda,"Aug 22, 2023",T20I # 2213,https://www.espncricinfo.com/series/east-africa-cup-2023-1393305/rwanda-vs-tanzania-6th-match-1393328/full-scorecard
Rwanda,Uganda,Uganda,61 runs,Rwanda,"Aug 22, 2023",T20I # 2212,https://www.espncricinfo.com/series/east-africa-cup-2023-1393305/rwanda-vs-uganda-5th-match-1393312/full-scorecard
Tanzania,Uganda,Tanzania,3 wickets,Rwanda,"Aug 21, 2023",T20I # 2211,https://www.espncricinfo.com/series/east-africa-cup-2023-1393305/tanzania-vs-uganda-4th-match-1393311/full-scorecard
Rwanda,Tanzania,Rwanda,7 wickets,Rwanda,"Aug 21, 2023",T20I # 2210,https://www.espncricinfo.com/series/east-africa-cup-2023-1393305/rwanda-vs-tanzania-3rd-match-1393327/full-scorecard
Ireland,India,India,33 runs,Dublin (Malahide),"Aug 20, 2023",T20I # 2208,https://www.espncricinfo.com/series/india-in-ireland-2023-1384631/ireland-vs-india-2nd-t20i-1384637/full-scorecard
U.A.E.,New Zealand,New Zealand,32 runs,Dubai (DICS),"Aug 20, 2023",T20I # 2209,https://www.espncricinfo.com/series/new-zealand-in-united-arab-emirates-2023-1377725/united-arab-emirates-vs-new-zealand-3rd-t20i-1377729/full-scorecard
Tanzania,Uganda,Uganda,6 wickets,Rwanda,"Aug 20, 2023",T20I # 2207,https://www.espncricinfo.com/series/east-africa-cup-2023-1393305/tanzania-vs-uganda-2nd-match-1393310/full-scorecard
Romania,Malta,Romania,6 runs,Ilfov County,"Aug 20, 2023",T20I # 2206,https://www.espncricinfo.com/series/continental-cup-2023-1391323/romania-vs-malta-final-1391337/full-scorecard
Rwanda,Uganda,Uganda,40 runs,Rwanda,"Aug 20, 2023",T20I # 2205,https://www.espncricinfo.com/series/east-africa-cup-2023-1393305/rwanda-vs-uganda-1st-match-1393309/full-scorecard
Romania,Malta,Romania,9 wickets,Ilfov County,"Aug 20, 2023",T20I # 2204,https://www.espncricinfo.com/series/continental-cup-2023-1391323/romania-vs-malta-qualifier-1391336/full-scorecard
U.A.E.,New Zealand,U.A.E.,7 wickets,Dubai (DICS),"Aug 19, 2023",T20I # 2203,https://www.espncricinfo.com/series/new-zealand-in-united-arab-emirates-2023-1377725/united-arab-emirates-vs-new-zealand-2nd-t20i-1377728/full-scorecard
Romania,Malta,Romania,3 wickets,Ilfov County,"Aug 19, 2023",T20I # 2202,https://www.espncricinfo.com/series/continental-cup-2023-1391323/romania-vs-malta-6th-match-1391335/full-scorecard
Romania,Malta,Malta,4 wickets,Ilfov County,"Aug 19, 2023",T20I # 2201,https://www.espncricinfo.com/series/continental-cup-2023-1391323/romania-vs-malta-4th-match-1391333/full-scorecard
Ireland,India,India,2 runs,Dublin (Malahide),"Aug 18, 2023",T20I # 2200,https://www.espncricinfo.com/series/india-in-ireland-2023-1384631/ireland-vs-india-1st-t20i-1384634/full-scorecard
Romania,Malta,Malta,8 wickets,Ilfov County,"Aug 18, 2023",T20I # 2199,https://www.espncricinfo.com/series/continental-cup-2023-1391323/romania-vs-malta-3rd-match-1391332/full-scorecard
U.A.E.,New Zealand,New Zealand,19 runs,Dubai (DICS),"Aug 17, 2023",T20I # 2198,https://www.espncricinfo.com/series/new-zealand-in-united-arab-emirates-2023-1377725/united-arab-emirates-vs-new-zealand-1st-t20i-1377727/full-scorecard
Germany,Guernsey,Guernsey,10 runs,Deventer,"Aug 15, 2023",T20I # 2197,https://www.espncricinfo.com/series/germany-in-netherlands-2023-1381441/germany-vs-guernsey-3rd-t20i-1387245/full-scorecard
Germany,Guernsey,Guernsey,5 wickets,Deventer,"Aug 14, 2023",T20I # 2196,https://www.espncricinfo.com/series/guernsey-in-netherlands-2023-1387238/germany-vs-guernsey-2nd-t20i-1387244/full-scorecard
Germany,Guernsey,Germany,9 wickets,Deventer,"Aug 14, 2023",T20I # 2195,https://www.espncricinfo.com/series/germany-in-netherlands-2023-1381441/germany-vs-guernsey-1st-t20i-1387243/full-scorecard
India,West Indies,West Indies,8 wickets,Lauderhill,"Aug 13, 2023",T20I # 2194,https://www.espncricinfo.com/series/india-in-west-indies-2023-1381201/india-vs-west-indies-5th-t20i-1381221/full-scorecard
India,West Indies,India,9 wickets,Lauderhill,"Aug 12, 2023",T20I # 2193,https://www.espncricinfo.com/series/india-in-west-indies-2023-1381201/india-vs-west-indies-4th-t20i-1381220/full-scorecard
West Indies,India,India,7 wickets,Providence,"Aug 8, 2023",T20I # 2192,https://www.espncricinfo.com/series/india-in-west-indies-2023-1381201/west-indies-vs-india-3rd-t20i-1381219/full-scorecard
West Indies,India,West Indies,2 wickets,Providence,"Aug 6, 2023",T20I # 2191,https://www.espncricinfo.com/series/india-in-west-indies-2023-1381201/west-indies-vs-india-2nd-t20i-1381218/full-scorecard
Hungary,Croatia,Hungary,7 wickets,Szodliget,"Aug 6, 2023",T20I # 2190,https://www.espncricinfo.com/series/croatia-tour-of-hungary-2023-1390165/hungary-vs-croatia-3rd-match-1390169/full-scorecard
Hungary,Croatia,Hungary,145 runs,Szodliget,"Aug 5, 2023",T20I # 2189,https://www.espncricinfo.com/series/croatia-tour-of-hungary-2023-1390165/hungary-vs-croatia-1st-match-1390167/full-scorecard
West Indies,India,West Indies,4 runs,Tarouba,"Aug 3, 2023",T20I # 2188,https://www.espncricinfo.com/series/india-in-west-indies-2023-1381201/west-indies-vs-india-1st-t20i-1381217/full-scorecard
Malaysia,Thailand,Malaysia,7 wickets,Kuala Lumpur,"Aug 1, 2023",T20I # 2187,https://www.espncricinfo.com/series/icc-men-s-t20-world-cup-asia-b-qualifier-2023-1383057/malaysia-vs-thailand-10th-match-1383110/full-scorecard
China,Myanmar,China,5 wickets,Kuala Lumpur,"Jul 31, 2023",T20I # 2186,https://www.espncricinfo.com/series/icc-men-s-t20-world-cup-asia-b-qualifier-2023-1383057/china-vs-myanmar-9th-match-1383109/full-scorecard
Bhutan,Thailand,Thailand,8 wickets,Kuala Lumpur,"Jul 31, 2023",T20I # 2185,https://www.espncricinfo.com/series/icc-men-s-t20-world-cup-asia-b-qualifier-2023-1383057/bhutan-vs-thailand-8th-match-1383108/full-scorecard
Malaysia,Myanmar,Malaysia,184 runs,Kuala Lumpur,"Jul 30, 2023",T20I # 2184,https://www.espncricinfo.com/series/icc-men-s-t20-world-cup-asia-b-qualifier-2023-1383057/malaysia-vs-myanmar-7th-match-1383107/full-scorecard
Bhutan,China,Bhutan,95 runs,Kuala Lumpur,"Jul 30, 2023",T20I # 2183,https://www.espncricinfo.com/series/icc-men-s-t20-world-cup-asia-b-qualifier-2023-1383057/bhutan-vs-china-6th-match-1383106/full-scorecard
P.N.G.,Japan,P.N.G.,6 wickets,Port Moresby,"Jul 29, 2023",T20I # 2182,https://www.espncricinfo.com/series/icc-men-s-t20-world-cup-east-asia-pacific-qlf-2023-1383050/papua-new-guinea-vs-japan-12th-match-1383100/full-scorecard
Philippines,Vanuatu,Vanuatu,3 wickets,Port Moresby,"Jul 29, 2023",T20I # 2181,https://www.espncricinfo.com/series/icc-men-s-t20-world-cup-east-asia-pacific-qlf-2023-1383050/philippines-vs-vanuatu-11th-match-1383099/full-scorecard
Scotland,Ireland,Scotland,8 runs,Edinburgh,"Jul 28, 2023",T20I # 2180,https://www.espncricinfo.com/series/icc-men-s-t20-world-cup-europe-region-qualifier-2023-1383037/scotland-vs-ireland-21st-match-1383088/full-scorecard
Germany,Italy,Italy,4 wickets,Edinburgh,"Jul 28, 2023",T20I # 2178,https://www.espncricinfo.com/series/icc-men-s-t20-world-cup-europe-region-qualifier-2023-1383037/germany-vs-italy-19th-match-1383086/full-scorecard
Denmark,Jersey,Jersey,28 runs,Edinburgh (Golden),"Jul 28, 2023",T20I # 2179,https://www.espncricinfo.com/series/icc-men-s-t20-world-cup-europe-region-qualifier-2023-1383037/denmark-vs-jersey-20th-match-1383087/full-scorecard
P.N.G.,Philippines,P.N.G.,100 runs,Port Moresby,"Jul 28, 2023",T20I # 2177,https://www.espncricinfo.com/series/icc-men-s-t20-world-cup-east-asia-pacific-qlf-2023-1383050/papua-new-guinea-vs-philippines-10th-match-1383098/full-scorecard
Myanmar,Thailand,Thailand,101 runs,Kuala Lumpur,"Jul 28, 2023",T20I # 2176,https://www.espncricinfo.com/series/icc-men-s-t20-world-cup-asia-b-qualifier-2023-1383057/myanmar-vs-thailand-5th-match-1383105/full-scorecard
Japan,Vanuatu,Vanuatu,5 wickets,Port Moresby,"Jul 28, 2023",T20I # 2175,https://www.espncricinfo.com/series/icc-men-s-t20-world-cup-east-asia-pacific-qlf-2023-1383050/japan-vs-vanuatu-9th-match-1383097/full-scorecard
Scotland,Denmark,Scotland,33 runs,Edinburgh,"Jul 27, 2023",T20I # 2174,https://www.espncricinfo.com/series/icc-men-s-t20-world-cup-europe-region-qualifier-2023-1383037/scotland-vs-denmark-16th-match-1383083/full-scorecard
Malaysia,Bhutan,Malaysia,75 runs,Kuala Lumpur,"Jul 27, 2023",T20I # 2173,https://www.espncricinfo.com/series/icc-men-s-t20-world-cup-asia-b-qualifier-2023-1383057/malaysia-vs-bhutan-4th-match-1383104/full-scorecard
China,Thailand,Thailand,9 wickets,Kuala Lumpur,"Jul 27, 2023",T20I # 2172,https://www.espncricinfo.com/series/icc-men-s-t20-world-cup-asia-b-qualifier-2023-1383057/china-vs-thailand-3rd-match-1383103/full-scorecard
Bhutan,Myanmar,Bhutan,31 runs,Kuala Lumpur,"Jul 26, 2023",T20I # 2171,https://www.espncricinfo.com/series/icc-men-s-t20-world-cup-asia-b-qualifier-2023-1383057/bhutan-vs-myanmar-2nd-match-1383102/full-scorecard
Japan,Philippines,Japan,33 runs,Port Moresby,"Jul 26, 2023",T20I # 2170,https://www.espncricinfo.com/series/icc-men-s-t20-world-cup-east-asia-pacific-qlf-2023-1383050/japan-vs-philippines-8th-match-1383096/full-scorecard
Malaysia,China,Malaysia,8 wickets,Kuala Lumpur,"Jul 26, 2023",T20I # 2169,https://www.espncricinfo.com/series/icc-men-s-t20-world-cup-asia-b-qualifier-2023-1383057/malaysia-vs-china-1st-match-1383101/full-scorecard
P.N.G.,Vanuatu,P.N.G.,39 runs,Port Moresby,"Jul 26, 2023",T20I # 2168,https://www.espncricinfo.com/series/icc-men-s-t20-world-cup-east-asia-pacific-qlf-2023-1383050/papua-new-guinea-vs-vanuatu-7th-match-1383095/full-scorecard
Germany,Jersey,Jersey,51 runs,Edinburgh,"Jul 25, 2023",T20I # 2167,https://www.espncricinfo.com/series/icc-men-s-t20-world-cup-europe-region-qualifier-2023-1383037/germany-vs-jersey-15th-match-1383082/full-scorecard
Denmark,Italy,Italy,26 runs,Edinburgh,"Jul 25, 2023",T20I # 2165,https://www.espncricinfo.com/series/icc-men-s-t20-world-cup-europe-region-qualifier-2023-1383037/denmark-vs-italy-13th-match-1383080/full-scorecard
Scotland,Austria,Scotland,166 runs,Edinburgh (Golden),"Jul 25, 2023",T20I # 2166,https://www.espncricinfo.com/series/icc-men-s-t20-world-cup-europe-region-qualifier-2023-1383037/scotland-vs-austria-14th-match-1383081/full-scorecard
P.N.G.,Japan,P.N.G.,6 wickets,Port Moresby,"Jul 25, 2023",T20I # 2164,https://www.espncricinfo.com/series/icc-men-s-t20-world-cup-east-asia-pacific-qlf-2023-1383050/papua-new-guinea-vs-japan-6th-match-1383094/full-scorecard
Philippines,Vanuatu,Philippines,6 wickets,Port Moresby,"Jul 25, 2023",T20I # 2163,https://www.espncricinfo.com/series/icc-men-s-t20-world-cup-east-asia-pacific-qlf-2023-1383050/philippines-vs-vanuatu-5th-match-1383093/full-scorecard
Ireland,Jersey,Ireland,9 wickets,Edinburgh (Golden),"Jul 24, 2023",T20I # 2162,https://www.espncricinfo.com/series/icc-men-s-t20-world-cup-europe-region-qualifier-2023-1383037/ireland-vs-jersey-12th-match-1383079/full-scorecard
Scotland,Italy,Scotland,155 runs,Edinburgh,"Jul 24, 2023",T20I # 2160,https://www.espncricinfo.com/series/icc-men-s-t20-world-cup-europe-region-qualifier-2023-1383037/scotland-vs-italy-10th-match-1383077/full-scorecard
Austria,Denmark,Denmark,8 wickets,Edinburgh (Golden),"Jul 24, 2023",T20I # 2161,https://www.espncricinfo.com/series/icc-men-s-t20-world-cup-europe-region-qualifier-2023-1383037/austria-vs-denmark-11th-match-1383078/full-scorecard
Denmark,Germany,Germany,6 wickets,Edinburgh,"Jul 23, 2023",T20I # 2159,https://www.espncricinfo.com/series/icc-men-s-t20-world-cup-europe-region-qualifier-2023-1383037/denmark-vs-germany-9th-match-1383076/full-scorecard
Austria,Ireland,Ireland,128 runs,Edinburgh,"Jul 23, 2023",T20I # 2157,https://www.espncricinfo.com/series/icc-men-s-t20-world-cup-europe-region-qualifier-2023-1383037/austria-vs-ireland-7th-match-1383074/full-scorecard
Italy,Jersey,Italy,25 runs,Edinburgh (Golden),"Jul 23, 2023",T20I # 2158,https://www.espncricinfo.com/series/icc-men-s-t20-world-cup-europe-region-qualifier-2023-1383037/italy-vs-jersey-8th-match-1383075/full-scorecard
P.N.G.,Philippines,P.N.G.,117 runs,Port Moresby,"Jul 23, 2023",T20I # 2156,https://www.espncricinfo.com/series/icc-men-s-t20-world-cup-east-asia-pacific-qlf-2023-1383050/papua-new-guinea-vs-philippines-4th-match-1383092/full-scorecard
Japan,Vanuatu,Japan,21 runs,Port Moresby,"Jul 23, 2023",T20I # 2155,https://www.espncricinfo.com/series/icc-men-s-t20-world-cup-east-asia-pacific-qlf-2023-1383050/japan-vs-vanuatu-3rd-match-1383091/full-scorecard
P.N.G.,Vanuatu,P.N.G.,9 wickets,Port Moresby,"Jul 22, 2023",T20I # 2154,https://www.espncricinfo.com/series/icc-men-s-t20-world-cup-east-asia-pacific-qlf-2023-1383050/papua-new-guinea-vs-vanuatu-2nd-match-1383090/full-scorecard
Japan,Philippines,Japan,53 runs,Port Moresby,"Jul 22, 2023",T20I # 2153,https://www.espncricinfo.com/series/icc-men-s-t20-world-cup-east-asia-pacific-qlf-2023-1383050/japan-vs-philippines-1st-match-1383089/full-scorecard
Scotland,Jersey,Scotland,14 runs,Edinburgh,"Jul 21, 2023",T20I # 2152,https://www.espncricinfo.com/series/icc-men-s-t20-world-cup-europe-region-qualifier-2023-1383037/scotland-vs-jersey-6th-match-1383073/full-scorecard
Denmark,Ireland,Ireland,9 wickets,Edinburgh,"Jul 21, 2023",T20I # 2150,https://www.espncricinfo.com/series/icc-men-s-t20-world-cup-europe-region-qualifier-2023-1383037/denmark-vs-ireland-4th-match-1383071/full-scorecard
Austria,Germany,Germany,9 wickets,Edinburgh (Golden),"Jul 21, 2023",T20I # 2151,https://www.espncricinfo.com/series/icc-men-s-t20-world-cup-europe-region-qualifier-2023-1383037/austria-vs-germany-5th-match-1383072/full-scorecard
Scotland,Germany,Scotland,72 runs,Edinburgh (Golden),"Jul 20, 2023",T20I # 2149,https://www.espncricinfo.com/series/icc-men-s-t20-world-cup-europe-region-qualifier-2023-1383037/scotland-vs-germany-3rd-match-1383070/full-scorecard
Austria,Jersey,Jersey,8 wickets,Edinburgh,"Jul 20, 2023",T20I # 2147,https://www.espncricinfo.com/series/icc-men-s-t20-world-cup-europe-region-qualifier-2023-1383037/austria-vs-jersey-1st-match-1383068/full-scorecard
Ireland,Italy,Ireland,7 runs,Edinburgh (Golden),"Jul 20, 2023",T20I # 2148,https://www.espncricinfo.com/series/icc-men-s-t20-world-cup-europe-region-qualifier-2023-1383037/ireland-vs-italy-2nd-match-1383069/full-scorecard
Malta,Switzerland,Switzerland,6 wickets,Marsa,"Jul 16, 2023",T20I # 2146,https://www.espncricinfo.com/series/valletta-cup-2023-1384569/malta-vs-switzerland-final-1384600/full-scorecard
Bangladesh,Afghanistan,Bangladesh,6 wickets,Sylhet,"Jul 16, 2023",T20I # 2145,https://www.espncricinfo.com/series/afghanistan-in-bangladesh-2023-1377001/bangladesh-vs-afghanistan-2nd-t20i-1377016/full-scorecard
Luxembourg,Romania,Romania,7 wickets,Marsa,"Jul 16, 2023",T20I # 2144,https://www.espncricinfo.com/series/valletta-cup-2023-1384569/luxembourg-vs-romania-4th-place-play-off-1384599/full-scorecard
Malta,France,Malta,7 wickets,Marsa,"Jul 16, 2023",T20I # 2143,https://www.espncricinfo.com/series/valletta-cup-2023-1384569/malta-vs-france-qualifier-1384598/full-scorecard
France,Luxembourg,Luxembourg,4 wickets,Marsa,"Jul 15, 2023",T20I # 2142,https://www.espncricinfo.com/series/valletta-cup-2023-1384569/france-vs-luxembourg-10th-match-1384597/full-scorecard
Malta,Switzerland,Switzerland,6 wickets,Marsa,"Jul 15, 2023",T20I # 2141,https://www.espncricinfo.com/series/valletta-cup-2023-1384569/malta-vs-switzerland-9th-match-1384596/full-scorecard
Luxembourg,Romania,Luxembourg,7 wickets,Marsa,"Jul 15, 2023",T20I # 2140,https://www.espncricinfo.com/series/valletta-cup-2023-1384569/luxembourg-vs-romania-8th-match-1384595/full-scorecard
France,Switzerland,Switzerland,6 wickets,Marsa,"Jul 14, 2023",T20I # 2139,https://www.espncricinfo.com/series/valletta-cup-2023-1384569/france-vs-switzerland-7th-match-1384594/full-scorecard
Bangladesh,Afghanistan,Bangladesh,2 wickets,Sylhet,"Jul 14, 2023",T20I # 2138,https://www.espncricinfo.com/series/afghanistan-in-bangladesh-2023-1377001/bangladesh-vs-afghanistan-1st-t20i-1377015/full-scorecard
Malta,Romania,Malta,41 runs,Marsa,"Jul 14, 2023",T20I # 2137,https://www.espncricinfo.com/series/valletta-cup-2023-1384569/malta-vs-romania-6th-match-1384593/full-scorecard
Luxembourg,Switzerland,Switzerland,8 wickets,Marsa,"Jul 14, 2023",T20I # 2136,https://www.espncricinfo.com/series/valletta-cup-2023-1384569/luxembourg-vs-switzerland-5th-match-1384592/full-scorecard
France,Romania,France,88 runs,Marsa,"Jul 13, 2023",T20I # 2135,https://www.espncricinfo.com/series/valletta-cup-2023-1384569/france-vs-romania-4th-match-1384591/full-scorecard
Romania,Switzerland,Switzerland,6 wickets,Marsa,"Jul 13, 2023",T20I # 2134,https://www.espncricinfo.com/series/valletta-cup-2023-1384569/romania-vs-switzerland-3rd-match-1384590/full-scorecard
Malta,Luxembourg,Malta,6 wickets,Marsa,"Jul 13, 2023",T20I # 2133,https://www.espncricinfo.com/series/valletta-cup-2023-1384569/malta-vs-luxembourg-2nd-match-1384589/full-scorecard
Malta,France,France,30 runs,Marsa,"Jul 12, 2023",T20I # 2132,https://www.espncricinfo.com/series/valletta-cup-2023-1384569/malta-vs-france-1st-match-1384588/full-scorecard
France,Luxembourg,France,9 wickets,Marsa,"Jul 12, 2023",T20I # 2131,https://www.espncricinfo.com/series/mdina-cup-2023-1384560/france-vs-luxembourg-6th-match-1384587/full-scorecard
Malta,Luxembourg,Luxembourg,4 wickets,Marsa,"Jul 12, 2023",T20I # 2130,https://www.espncricinfo.com/series/mdina-cup-2023-1384560/malta-vs-luxembourg-5th-match-1384586/full-scorecard
France,Luxembourg,France,51 runs,Marsa,"Jul 11, 2023",T20I # 2129,https://www.espncricinfo.com/series/mdina-cup-2023-1384560/france-vs-luxembourg-4th-match-1384585/full-scorecard
Malta,Luxembourg,Malta,42 runs,Marsa,"Jul 11, 2023",T20I # 2128,https://www.espncricinfo.com/series/mdina-cup-2023-1384560/malta-vs-luxembourg-3rd-match-1384584/full-scorecard
Isle of Man,Austria,no result,-,Castletown,"Jul 10, 2023",T20I # 2127,https://www.espncricinfo.com/series/austria-in-isle-of-man-2023-1383035/isle-of-man-vs-austria-3rd-t20i-1383067/full-scorecard
Malta,France,Malta,4 runs,Marsa,"Jul 10, 2023",T20I # 2126,https://www.espncricinfo.com/series/mdina-cup-2023-1384560/malta-vs-france-2nd-match-1384583/full-scorecard
Malta,France,France,9 runs,Marsa,"Jul 10, 2023",T20I # 2125,https://www.espncricinfo.com/series/mdina-cup-2023-1384560/malta-vs-france-1st-match-1384582/full-scorecard
Isle of Man,Austria,Isle of Man,5 wickets,Castletown,"Jul 9, 2023",T20I # 2124,https://www.espncricinfo.com/series/austria-in-isle-of-man-2023-1383035/isle-of-man-vs-austria-2nd-t20i-1383066/full-scorecard
Isle of Man,Austria,Isle of Man,6 wickets,Castletown,"Jul 9, 2023",T20I # 2123,https://www.espncricinfo.com/series/austria-in-isle-of-man-2023-1383035/isle-of-man-vs-austria-1st-t20i-1383065/full-scorecard
Jersey,Guernsey,Jersey,4 wickets,St Martin,"Jul 8, 2023",T20I # 2122,https://www.espncricinfo.com/series/guernsey-in-jersey-2023-1383032/jersey-vs-guernsey-2nd-match-1383063/full-scorecard
Jersey,Guernsey,Jersey,7 wickets,St Martin,"Jul 7, 2023",T20I # 2121,https://www.espncricinfo.com/series/guernsey-in-jersey-2023-1383032/jersey-vs-guernsey-1st-match-1383062/full-scorecard
Austria,Germany,Germany,8 wickets,Deventer,"Jun 30, 2023",T20I # 2120,https://www.espncricinfo.com/series/germany-in-netherlands-2023-1381441/austria-vs-germany-2nd-t20i-1381452/full-scorecard
Austria,Germany,Germany,6 wickets,Deventer,"Jun 29, 2023",T20I # 2119,https://www.espncricinfo.com/series/austria-in-netherlands-2023-1381440/austria-vs-germany-1st-t20i-1381451/full-scorecard
Bulgaria,Serbia,no result,-,Sofia,"Jun 25, 2023",T20I # 2118,https://www.espncricinfo.com/series/quadrangular-twenty20-series-bulgaria-2023-1381444/bulgaria-vs-serbia-final-1381460/full-scorecard
Luxembourg,Switzerland,Switzerland,8 wickets,Walferdange,"Jun 25, 2023",T20I # 2117,https://www.espncricinfo.com/series/switzerland-in-luxembourg-2023-1381438/luxembourg-vs-switzerland-2nd-t20i-1381450/full-scorecard
Croatia,Turkey,no result,-,Sofia,"Jun 25, 2023",T20I # 2116,https://www.espncricinfo.com/series/quadrangular-twenty20-series-bulgaria-2023-1381444/croatia-vs-turkey-3rd-place-play-off-1381459/full-scorecard
Bulgaria,Turkey,Bulgaria,8 wickets,Sofia,"Jun 24, 2023",T20I # 2115,https://www.espncricinfo.com/series/quadrangular-twenty20-series-bulgaria-2023-1381444/bulgaria-vs-turkey-6th-match-1381458/full-scorecard
Croatia,Serbia,Serbia,9 wickets,Sofia,"Jun 24, 2023",T20I # 2114,https://www.espncricinfo.com/series/quadrangular-twenty20-series-bulgaria-2023-1381444/croatia-vs-serbia-5th-match-1381457/full-scorecard
Luxembourg,Switzerland,Luxembourg,3 wickets,Walferdange,"Jun 24, 2023",T20I # 2113,https://www.espncricinfo.com/series/switzerland-in-luxembourg-2023-1381438/luxembourg-vs-switzerland-1st-t20i-1381449/full-scorecard
Croatia,Turkey,Turkey,8 wickets,Sofia,"Jun 24, 2023",T20I # 2112,https://www.espncricinfo.com/series/quadrangular-twenty20-series-bulgaria-2023-1381444/croatia-vs-turkey-4th-match-1381456/full-scorecard
Bulgaria,Serbia,Serbia,5 wickets,Sofia,"Jun 23, 2023",T20I # 2111,https://www.espncricinfo.com/series/quadrangular-twenty20-series-bulgaria-2023-1381444/bulgaria-vs-serbia-3rd-match-1381455/full-scorecard
Bulgaria,Croatia,Bulgaria,9 wickets,Sofia,"Jun 23, 2023",T20I # 2110,https://www.espncricinfo.com/series/quadrangular-twenty20-series-bulgaria-2023-1381444/bulgaria-vs-croatia-2nd-match-1381454/full-scorecard
Serbia,Turkey,Serbia,70 runs,Sofia,"Jun 23, 2023",T20I # 2109,https://www.espncricinfo.com/series/quadrangular-twenty20-series-bulgaria-2023-1381444/serbia-vs-turkey-1st-match-1381453/full-scorecard
Kenya,Uganda,Uganda,1 run,Nairobi (Gym),"Jun 21, 2023",T20I # 2108,https://www.espncricinfo.com/series/africa-continental-cup-2023-1379384/kenya-vs-uganda-final-1379592/full-scorecard
Rwanda,Uganda,Uganda,94 runs,Nairobi (Gym),"Jun 19, 2023",T20I # 2107,https://www.espncricinfo.com/series/africa-continental-cup-2023-1379384/rwanda-vs-uganda-18th-match-1379587/full-scorecard
Kenya,Botswana,Kenya,6 wickets,Nairobi (Gym),"Jun 19, 2023",T20I # 2106,https://www.espncricinfo.com/series/africa-continental-cup-2023-1379384/kenya-vs-botswana-17th-match-1379585/full-scorecard
Kenya,Uganda,Uganda,5 wickets,Nairobi (Gym),"Jun 18, 2023",T20I # 2105,https://www.espncricinfo.com/series/africa-continental-cup-2023-1379384/kenya-vs-uganda-16th-match-1379581/full-scorecard
Botswana,Rwanda,Rwanda,7 wickets,Nairobi (Gym),"Jun 18, 2023",T20I # 2104,https://www.espncricinfo.com/series/africa-continental-cup-2023-1379384/botswana-vs-rwanda-15th-match-1379579/full-scorecard
Kenya,Rwanda,Kenya,7 wickets,Nairobi (Gym),"Jun 17, 2023",T20I # 2103,https://www.espncricinfo.com/series/africa-continental-cup-2023-1379384/kenya-vs-rwanda-14th-match-1379576/full-scorecard
Botswana,Uganda,Uganda,7 wickets,Nairobi (Gym),"Jun 17, 2023",T20I # 2102,https://www.espncricinfo.com/series/africa-continental-cup-2023-1379384/botswana-vs-uganda-13th-match-1379575/full-scorecard
Kenya,Botswana,Botswana,30 runs,Nairobi (Gym),"Jun 15, 2023",T20I # 2101,https://www.espncricinfo.com/series/africa-continental-cup-2023-1379384/kenya-vs-botswana-12th-match-1379590/full-scorecard
Rwanda,Uganda,Uganda,7 wickets,Nairobi (Gym),"Jun 15, 2023",T20I # 2100,https://www.espncricinfo.com/series/africa-continental-cup-2023-1379384/rwanda-vs-uganda-11th-match-1379584/full-scorecard
Kenya,Rwanda,Kenya,7 wickets,Nairobi (Gym),"Jun 14, 2023",T20I # 2099,https://www.espncricinfo.com/series/africa-continental-cup-2023-1379384/kenya-vs-rwanda-10th-match-1379582/full-scorecard
Botswana,Uganda,Uganda,64 runs,Nairobi (Gym),"Jun 14, 2023",T20I # 2098,https://www.espncricinfo.com/series/africa-continental-cup-2023-1379384/botswana-vs-uganda-9th-match-1379583/full-scorecard
Kenya,Uganda,Uganda,47 runs,Nairobi (Gym),"Jun 13, 2023",T20I # 2097,https://www.espncricinfo.com/series/africa-continental-cup-2023-1379384/kenya-vs-uganda-8th-match-1379589/full-scorecard
Botswana,Rwanda,Rwanda,27 runs,Nairobi (Gym),"Jun 13, 2023",T20I # 2096,https://www.espncricinfo.com/series/africa-continental-cup-2023-1379384/botswana-vs-rwanda-7th-match-1379586/full-scorecard
Czech Rep.,Hungary,Czech Rep.,3 wickets,Vinor,"Jun 11, 2023",T20I # 2095,https://www.espncricinfo.com/series/hungary-tour-of-czech-republic-2023-1380579/czech-republic-vs-hungary-3rd-match-1380587/full-scorecard
Rwanda,Uganda,Uganda,8 wickets,Nairobi (Gym),"Jun 11, 2023",T20I # 2094,https://www.espncricinfo.com/series/africa-continental-cup-2023-1379384/rwanda-vs-uganda-6th-match-1379578/full-scorecard
Germany,Belgium,Germany,8 wickets,Krefeld,"Jun 11, 2023",T20I # 2093,https://www.espncricinfo.com/series/belgium-in-germany-2023-1380577/germany-vs-belgium-4th-t20i-1380584/full-scorecard
Czech Rep.,Hungary,tied,-,Vinor,"Jun 11, 2023",T20I # 2092,https://www.espncricinfo.com/series/hungary-tour-of-czech-republic-2023-1380579/czech-republic-vs-hungary-2nd-match-1380586/full-scorecard
Kenya,Botswana,Kenya,8 wickets,Nairobi (Gym),"Jun 11, 2023",T20I # 2091,https://www.espncricinfo.com/series/africa-continental-cup-2023-1379384/kenya-vs-botswana-5th-match-1379580/full-scorecard
Germany,Belgium,Germany,4 wickets,Krefeld,"Jun 10, 2023",T20I # 2090,https://www.espncricinfo.com/series/belgium-in-germany-2023-1380577/germany-vs-belgium-3rd-t20i-1380583/full-scorecard
Czech Rep.,Hungary,Czech Rep.,9 runs,Vinor,"Jun 10, 2023",T20I # 2089,https://www.espncricinfo.com/series/hungary-tour-of-czech-republic-2023-1380579/czech-republic-vs-hungary-1st-match-1380585/full-scorecard
Kenya,Uganda,Kenya,88 runs,Nairobi (Gym),"Jun 10, 2023",T20I # 2088,https://www.espncricinfo.com/series/africa-continental-cup-2023-1379384/kenya-vs-uganda-4th-match-1379577/full-scorecard
Germany,Belgium,Germany,5 wickets,Krefeld,"Jun 10, 2023",T20I # 2087,https://www.espncricinfo.com/series/belgium-in-germany-2023-1380577/germany-vs-belgium-2nd-t20i-1380582/full-scorecard
Botswana,Rwanda,Botswana,33 runs,Nairobi (Gym),"Jun 10, 2023",T20I # 2086,https://www.espncricinfo.com/series/africa-continental-cup-2023-1379384/botswana-vs-rwanda-3rd-match-1379574/full-scorecard
Germany,Belgium,Germany,6 runs,Krefeld,"Jun 9, 2023",T20I # 2085,https://www.espncricinfo.com/series/belgium-in-germany-2023-1380577/germany-vs-belgium-1st-t20i-1380581/full-scorecard
Botswana,Uganda,Uganda,6 wickets,Nairobi (Gym),"Jun 9, 2023",T20I # 2084,https://www.espncricinfo.com/series/africa-continental-cup-2023-1379384/botswana-vs-uganda-2nd-match-1379573/full-scorecard
Kenya,Rwanda,Kenya,3 wickets,Nairobi (Gym),"Jun 9, 2023",T20I # 2083,https://www.espncricinfo.com/series/africa-continental-cup-2023-1379384/kenya-vs-rwanda-1st-match-1379572/full-scorecard
Botswana,Mozambique,Botswana,7 wickets,Benoni,"Jun 1, 2023",T20I # 2082,https://www.espncricinfo.com/series/southern-africa-cup-2023-1378432/botswana-vs-mozambique-9th-match-1378446/full-scorecard
Eswatini,Mozambique,Mozambique,6 wickets,Benoni,"May 30, 2023",T20I # 2081,https://www.espncricinfo.com/series/southern-africa-cup-2023-1378432/eswatini-vs-mozambique-8th-match-1378445/full-scorecard
Botswana,Malawi,Botswana,100 runs,Benoni,"May 30, 2023",T20I # 2080,https://www.espncricinfo.com/series/southern-africa-cup-2023-1378432/botswana-vs-malawi-7th-match-1378444/full-scorecard
Botswana,Eswatini,Botswana,107 runs,Benoni,"May 29, 2023",T20I # 2079,https://www.espncricinfo.com/series/southern-africa-cup-2023-1378432/botswana-vs-eswatini-5th-match-1378442/full-scorecard
Malawi,Mozambique,Malawi,9 wickets,Benoni,"May 28, 2023",T20I # 2078,https://www.espncricinfo.com/series/southern-africa-cup-2023-1378432/malawi-vs-mozambique-4th-match-1378441/full-scorecard
Eswatini,Malawi,Malawi,53 runs,Benoni,"May 27, 2023",T20I # 2077,https://www.espncricinfo.com/series/southern-africa-cup-2023-1378432/eswatini-vs-malawi-2nd-match-1378439/full-scorecard
Finland,Sweden,tied,-,Glostrup,"May 21, 2023",T20I # 2076,https://www.espncricinfo.com/series/nordic-t20-cup-2023-1370766/finland-vs-sweden-10th-match-1370791/full-scorecard
Finland,Norway,Norway,7 wickets,Glostrup,"May 20, 2023",T20I # 2075,https://www.espncricinfo.com/series/nordic-t20-cup-2023-1370766/finland-vs-norway-9th-match-1370790/full-scorecard
Finland,Sweden,Finland,7 runs,Brondby,"May 20, 2023",T20I # 2074,https://www.espncricinfo.com/series/nordic-t20-cup-2023-1370766/finland-vs-sweden-8th-match-1370789/full-scorecard
Denmark,Finland,Denmark,8 wickets,Brondby,"May 19, 2023",T20I # 2072,https://www.espncricinfo.com/series/nordic-t20-cup-2023-1370766/denmark-vs-finland-6th-match-1370787/full-scorecard
Norway,Sweden,Sweden,53 runs,Glostrup,"May 19, 2023",T20I # 2073,https://www.espncricinfo.com/series/nordic-t20-cup-2023-1370766/norway-vs-sweden-7th-match-1370788/full-scorecard
Denmark,Sweden,Sweden,10 wickets,Brondby,"May 19, 2023",T20I # 2070,https://www.espncricinfo.com/series/nordic-t20-cup-2023-1370766/denmark-vs-sweden-4th-match-1370785/full-scorecard
Finland,Norway,Norway,30 runs,Glostrup,"May 19, 2023",T20I # 2071,https://www.espncricinfo.com/series/nordic-t20-cup-2023-1370766/finland-vs-norway-5th-match-1370786/full-scorecard
Denmark,Finland,Denmark,72 runs,Brondby,"May 18, 2023",T20I # 2068,https://www.espncricinfo.com/series/nordic-t20-cup-2023-1370766/denmark-vs-finland-2nd-match-1370783/full-scorecard
Norway,Sweden,Norway,75 runs,Glostrup,"May 18, 2023",T20I # 2069,https://www.espncricinfo.com/series/nordic-t20-cup-2023-1370766/norway-vs-sweden-3rd-match-1370784/full-scorecard
Denmark,Norway,Denmark,9 wickets,Brondby,"May 18, 2023",T20I # 2067,https://www.espncricinfo.com/series/nordic-t20-cup-2023-1370766/denmark-vs-norway-1st-match-1370782/full-scorecard
Cambodia,Malaysia,Cambodia,12 runs,Phnom Penh,"May 11, 2023",T20I # 2066,https://www.espncricinfo.com/series/sea-games-men-s-twenty20-cricket-competition-2023-1370773/cambodia-vs-malaysia-final-1370799/full-scorecard
Indonesia,Singapore,Singapore,15 runs,Phnom Penh,"May 11, 2023",T20I # 2065,https://www.espncricinfo.com/series/sea-games-men-s-twenty20-cricket-competition-2023-1370773/indonesia-vs-singapore-3rd-place-play-off-1370798/full-scorecard
Cambodia,Philippines,Cambodia,8 runs,Phnom Penh,"May 10, 2023",T20I # 2064,https://www.espncricinfo.com/series/sea-games-men-s-twenty20-cricket-competition-2023-1370773/cambodia-vs-philippines-6th-match-group-b-1370793/full-scorecard
Gibraltar,Malta,Malta,1 run,Gibraltar,"May 7, 2023",T20I # 2063,https://www.espncricinfo.com/series/gibraltar-tri-nation-t20i-series-2023-1367717/gibraltar-vs-malta-9th-match-1367731/full-scorecard
Gibraltar,Portugal,Portugal,1 wicket,Gibraltar,"May 7, 2023",T20I # 2062,https://www.espncricinfo.com/series/gibraltar-tri-nation-t20i-series-2023-1367717/gibraltar-vs-portugal-8th-match-1367732/full-scorecard
Malta,Portugal,Portugal,7 wickets,Gibraltar,"May 6, 2023",T20I # 2061,https://www.espncricinfo.com/series/gibraltar-tri-nation-t20i-series-2023-1367717/malta-vs-portugal-7th-match-1367733/full-scorecard
Gibraltar,Portugal,Portugal,9 wickets,Gibraltar,"May 6, 2023",T20I # 2060,https://www.espncricinfo.com/series/gibraltar-tri-nation-t20i-series-2023-1367717/gibraltar-vs-portugal-6th-match-1367728/full-scorecard
Gibraltar,Malta,Gibraltar,80 runs,Gibraltar,"May 6, 2023",T20I # 2059,https://www.espncricinfo.com/series/gibraltar-tri-nation-t20i-series-2023-1367717/gibraltar-vs-malta-5th-match-1367730/full-scorecard
Gibraltar,Malta,Gibraltar,43 runs,Gibraltar,"May 5, 2023",T20I # 2058,https://www.espncricinfo.com/series/gibraltar-tri-nation-t20i-series-2023-1367717/gibraltar-vs-malta-4th-match-1367727/full-scorecard
Malta,Portugal,Portugal,17 runs,Gibraltar,"May 5, 2023",T20I # 2057,https://www.espncricinfo.com/series/gibraltar-tri-nation-t20i-series-2023-1367717/malta-vs-portugal-3rd-match-1367729/full-scorecard
Gibraltar,Portugal,Portugal,7 wickets,Gibraltar,"May 4, 2023",T20I # 2056,https://www.espncricinfo.com/series/gibraltar-tri-nation-t20i-series-2023-1367717/gibraltar-vs-portugal-2nd-match-1367725/full-scorecard
Malta,Portugal,Portugal,84 runs,Gibraltar,"May 4, 2023",T20I # 2055,https://www.espncricinfo.com/series/gibraltar-tri-nation-t20i-series-2023-1367717/malta-vs-portugal-1st-match-1367726/full-scorecard
Cambodia,Singapore,Cambodia,15 runs,Phnom Penh,"May 4, 2023",T20I # 2054,https://www.espncricinfo.com/series/sea-games-men-s-twenty20-cricket-competition-2023-1370773/cambodia-vs-singapore-5th-match-group-b-1370796/full-scorecard
Malaysia,Thailand,Malaysia,8 wickets,Phnom Penh,"May 4, 2023",T20I # 2053,https://www.espncricinfo.com/series/sea-games-men-s-twenty20-cricket-competition-2023-1370773/malaysia-vs-thailand-4th-match-group-a-1370795/full-scorecard
Philippines,Singapore,Singapore,87 runs,Phnom Penh,"May 3, 2023",T20I # 2052,https://www.espncricinfo.com/series/sea-games-men-s-twenty20-cricket-competition-2023-1370773/philippines-vs-singapore-3rd-match-group-b-1370794/full-scorecard
Indonesia,Malaysia,Malaysia,94 runs,Phnom Penh,"May 2, 2023",T20I # 2051,https://www.espncricinfo.com/series/sea-games-men-s-twenty20-cricket-competition-2023-1370773/indonesia-vs-malaysia-2nd-match-group-a-1370797/full-scorecard
Indonesia,Thailand,Indonesia,32 runs,Phnom Penh,"May 1, 2023",T20I # 2050,https://www.espncricinfo.com/series/sea-games-men-s-twenty20-cricket-competition-2023-1370773/indonesia-vs-thailand-1st-match-group-a-1370792/full-scorecard
Pakistan,New Zealand,New Zealand,6 wickets,Rawalpindi,"Apr 24, 2023",T20I # 2049,https://www.espncricinfo.com/series/new-zealand-in-pakistan-2023-1339583/pakistan-vs-new-zealand-5th-t20i-1339618/full-scorecard
Pakistan,New Zealand,no result,-,Rawalpindi,"Apr 20, 2023",T20I # 2048,https://www.espncricinfo.com/series/new-zealand-in-pakistan-2023-1339583/pakistan-vs-new-zealand-4th-t20i-1339617/full-scorecard
Pakistan,New Zealand,New Zealand,4 runs,Lahore,"Apr 17, 2023",T20I # 2047,https://www.espncricinfo.com/series/new-zealand-in-pakistan-2023-1339583/pakistan-vs-new-zealand-3rd-t20i-1339616/full-scorecard
Pakistan,New Zealand,Pakistan,38 runs,Lahore,"Apr 15, 2023",T20I # 2046,https://www.espncricinfo.com/series/new-zealand-in-pakistan-2023-1339583/pakistan-vs-new-zealand-2nd-t20i-1339615/full-scorecard
Pakistan,New Zealand,Pakistan,88 runs,Lahore,"Apr 14, 2023",T20I # 2045,https://www.espncricinfo.com/series/new-zealand-in-pakistan-2023-1339583/pakistan-vs-new-zealand-1st-t20i-1339614/full-scorecard
Portugal,Gibraltar,Portugal,5 wickets,Albergaria,"Apr 11, 2023",T20I # 2044,https://www.espncricinfo.com/series/gibraltar-in-portugal-2023-1367715/portugal-vs-gibraltar-3rd-t20i-1367724/full-scorecard
Portugal,Gibraltar,Portugal,5 wickets,Albergaria,"Apr 11, 2023",T20I # 2043,https://www.espncricinfo.com/series/gibraltar-in-portugal-2023-1367715/portugal-vs-gibraltar-2nd-t20i-1367723/full-scorecard
Portugal,Gibraltar,Portugal,124 runs,Albergaria,"Apr 10, 2023",T20I # 2042,https://www.espncricinfo.com/series/gibraltar-in-portugal-2023-1367715/portugal-vs-gibraltar-1st-t20i-1367722/full-scorecard
New Zealand,Sri Lanka,New Zealand,4 wickets,Queenstown,"Apr 8, 2023",T20I # 2041,https://www.espncricinfo.com/series/sri-lanka-tour-of-new-zealand-2022-23-1322351/new-zealand-vs-sri-lanka-3rd-t20i-1322364/full-scorecard
New Zealand,Sri Lanka,New Zealand,9 wickets,Dunedin,"Apr 5, 2023",T20I # 2040,https://www.espncricinfo.com/series/sri-lanka-tour-of-new-zealand-2022-23-1322351/new-zealand-vs-sri-lanka-2nd-t20i-1322363/full-scorecard
New Zealand,Sri Lanka,tied,-,Auckland,"Apr 2, 2023",T20I # 2039,https://www.espncricinfo.com/series/sri-lanka-tour-of-new-zealand-2022-23-1322351/new-zealand-vs-sri-lanka-1st-t20i-1322362/full-scorecard
Bangladesh,Ireland,Ireland,7 wickets,Chattogram,"Mar 31, 2023",T20I # 2038,https://www.espncricinfo.com/series/ireland-in-bangladesh-2022-23-1355710/bangladesh-vs-ireland-3rd-t20i-1355722/full-scorecard
Bangladesh,Ireland,Bangladesh,77 runs,Chattogram,"Mar 29, 2023",T20I # 2037,https://www.espncricinfo.com/series/ireland-in-bangladesh-2022-23-1355710/bangladesh-vs-ireland-2nd-t20i-1355721/full-scorecard
South Africa,West Indies,West Indies,7 runs,Johannesburg,"Mar 28, 2023",T20I # 2036,https://www.espncricinfo.com/series/west-indies-in-south-africa-2022-23-1339568/south-africa-vs-west-indies-3rd-t20i-1339606/full-scorecard
Afghanistan,Pakistan,Pakistan,66 runs,Sharjah,"Mar 27, 2023",T20I # 2035,https://www.espncricinfo.com/series/afghanistan-v-pakistan-2022-23-1362810/afghanistan-vs-pakistan-3rd-t20i-1362817/full-scorecard
Bangladesh,Ireland,Bangladesh,22 runs,Chattogram,"Mar 27, 2023",T20I # 2034,https://www.espncricinfo.com/series/ireland-in-bangladesh-2022-23-1355710/bangladesh-vs-ireland-1st-t20i-1355720/full-scorecard
Afghanistan,Pakistan,Afghanistan,7 wickets,Sharjah,"Mar 26, 2023",T20I # 2033,https://www.espncricinfo.com/series/afghanistan-v-pakistan-2022-23-1362810/afghanistan-vs-pakistan-2nd-t20i-1362816/full-scorecard
South Africa,West Indies,South Africa,6 wickets,Centurion,"Mar 26, 2023",T20I # 2032,https://www.espncricinfo.com/series/west-indies-in-south-africa-2022-23-1339568/south-africa-vs-west-indies-2nd-t20i-1339605/full-scorecard
South Africa,West Indies,West Indies,3 wickets,Centurion,"Mar 25, 2023",T20I # 2031,https://www.espncricinfo.com/series/west-indies-in-south-africa-2022-23-1339568/south-africa-vs-west-indies-1st-t20i-1339604/full-scorecard
Afghanistan,Pakistan,Afghanistan,6 wickets,Sharjah,"Mar 24, 2023",T20I # 2030,https://www.espncricinfo.com/series/afghanistan-v-pakistan-2022-23-1362810/afghanistan-vs-pakistan-1st-t20i-1362815/full-scorecard
Fiji,Samoa,Fiji,22 runs,Suva,"Mar 18, 2023",T20I # 2029,https://www.espncricinfo.com/series/pacific-island-men-cricket-challenge-2022-23-1362239/fiji-vs-samoa-3rd-place-play-off-1363552/full-scorecard
Fiji,Vanuatu,Vanuatu,26 runs,Suva,"Mar 17, 2023",T20I # 2028,https://www.espncricinfo.com/series/pacific-island-men-cricket-challenge-2022-23-1362239/fiji-vs-vanuatu-1st-semi-final-1363550/full-scorecard
Fiji,Vanuatu,Vanuatu,102 runs,Suva,"Mar 16, 2023",T20I # 2027,https://www.espncricinfo.com/series/pacific-island-men-cricket-challenge-2022-23-1362239/fiji-vs-vanuatu-10th-match-1362245/full-scorecard
Bangladesh,England,Bangladesh,16 runs,Mirpur,"Mar 14, 2023",T20I # 2026,https://www.espncricinfo.com/series/england-in-bangladesh-2022-23-1351394/bangladesh-vs-england-3rd-t20i-1351402/full-scorecard
Fiji,Samoa,Fiji,66 runs,Suva,"Mar 14, 2023",T20I # 2025,https://www.espncricinfo.com/series/pacific-island-men-cricket-challenge-2022-23-1362239/fiji-vs-samoa-6th-match-1362244/full-scorecard
Samoa,Vanuatu,Vanuatu,17 runs,Suva,"Mar 13, 2023",T20I # 2024,https://www.espncricinfo.com/series/pacific-island-men-cricket-challenge-2022-23-1362239/samoa-vs-vanuatu-4th-match-1362243/full-scorecard
Bangladesh,England,Bangladesh,4 wickets,Mirpur,"Mar 12, 2023",T20I # 2023,https://www.espncricinfo.com/series/england-in-bangladesh-2022-23-1351394/bangladesh-vs-england-2nd-t20i-1351401/full-scorecard
Hong Kong,Malaysia,Hong Kong,39 runs,Mong Kok,"Mar 12, 2023",T20I # 2022,https://www.espncricinfo.com/series/quadrangular-twenty20-series-hong-kong-2022-23-1361762/hong-kong-vs-malaysia-final-1362242/full-scorecard
Bahrain,Kuwait,Kuwait,6 wickets,Mong Kok,"Mar 12, 2023",T20I # 2021,https://www.espncricinfo.com/series/quadrangular-twenty20-series-hong-kong-2022-23-1361762/bahrain-vs-kuwait-3rd-place-play-off-1361776/full-scorecard
Hong Kong,Malaysia,Hong Kong,4 wickets,Mong Kok,"Mar 11, 2023",T20I # 2020,https://www.espncricinfo.com/series/quadrangular-twenty20-series-hong-kong-2022-23-1361762/hong-kong-vs-malaysia-6th-match-1361775/full-scorecard
Bahrain,Kuwait,Bahrain,4 wickets,Mong Kok,"Mar 11, 2023",T20I # 2019,https://www.espncricinfo.com/series/quadrangular-twenty20-series-hong-kong-2022-23-1361762/bahrain-vs-kuwait-5th-match-1361774/full-scorecard
Bangladesh,England,Bangladesh,6 wickets,Chattogram,"Mar 9, 2023",T20I # 2018,https://www.espncricinfo.com/series/england-in-bangladesh-2022-23-1351394/bangladesh-vs-england-1st-t20i-1351400/full-scorecard
Hong Kong,Kuwait,Hong Kong,11 runs,Mong Kok,"Mar 9, 2023",T20I # 2017,https://www.espncricinfo.com/series/quadrangular-twenty20-series-hong-kong-2022-23-1361762/hong-kong-vs-kuwait-4th-match-1361773/full-scorecard
Bahrain,Malaysia,Malaysia,53 runs,Mong Kok,"Mar 9, 2023",T20I # 2016,https://www.espncricinfo.com/series/quadrangular-twenty20-series-hong-kong-2022-23-1361762/bahrain-vs-malaysia-3rd-match-1361772/full-scorecard
Hong Kong,Bahrain,Hong Kong,15 runs,Mong Kok,"Mar 8, 2023",T20I # 2015,https://www.espncricinfo.com/series/quadrangular-twenty20-series-hong-kong-2022-23-1361762/hong-kong-vs-bahrain-2nd-match-1361771/full-scorecard
Kuwait,Malaysia,Malaysia,3 wickets,Mong Kok,"Mar 8, 2023",T20I # 2014,https://www.espncricinfo.com/series/quadrangular-twenty20-series-hong-kong-2022-23-1361762/kuwait-vs-malaysia-1st-match-1361770/full-scorecard
Argentina,Cayman Is,Cayman Is,3 wickets,Buenos Aires,"Mar 4, 2023",T20I # 2013,https://www.espncricinfo.com/series/icc-men-s-t20-world-cup-americas-region-qualifier-2022-23-1359778/argentina-vs-cayman-islands-10th-match-1359802/full-scorecard
Bahamas,Bermuda,Bermuda,9 wickets,Buenos Aires,"Mar 4, 2023",T20I # 2012,https://www.espncricinfo.com/series/icc-men-s-t20-world-cup-americas-region-qualifier-2022-23-1359778/bahamas-vs-bermuda-9th-match-1359800/full-scorecard
Argentina,Bahamas,Argentina,43 runs,Buenos Aires,"Mar 2, 2023",T20I # 2011,https://www.espncricinfo.com/series/icc-men-s-t20-world-cup-americas-region-qualifier-2022-23-1359778/argentina-vs-bahamas-8th-match-1359798/full-scorecard
Cayman Is,Panama,Cayman Is,12 runs,Buenos Aires,"Mar 2, 2023",T20I # 2010,https://www.espncricinfo.com/series/icc-men-s-t20-world-cup-americas-region-qualifier-2022-23-1359778/cayman-islands-vs-panama-7th-match-1359799/full-scorecard
Bermuda,Panama,Bermuda,60 runs,Buenos Aires,"Feb 28, 2023",T20I # 2009,https://www.espncricinfo.com/series/icc-men-s-t20-world-cup-americas-region-qualifier-2022-23-1359778/bermuda-vs-panama-6th-match-1359789/full-scorecard
Bahamas,Cayman Is,Cayman Is,31 runs,Buenos Aires,"Feb 28, 2023",T20I # 2008,https://www.espncricinfo.com/series/icc-men-s-t20-world-cup-americas-region-qualifier-2022-23-1359778/bahamas-vs-cayman-islands-5th-match-1359788/full-scorecard
Argentina,Bermuda,Bermuda,110 runs,Buenos Aires,"Feb 26, 2023",T20I # 2007,https://www.espncricinfo.com/series/icc-men-s-t20-world-cup-americas-region-qualifier-2022-23-1359778/argentina-vs-bermuda-4th-match-1359793/full-scorecard
Bahamas,Panama,Bahamas,4 wickets,Buenos Aires,"Feb 26, 2023",T20I # 2006,https://www.espncricinfo.com/series/icc-men-s-t20-world-cup-americas-region-qualifier-2022-23-1359778/bahamas-vs-panama-3rd-match-1359792/full-scorecard
Spain,Isle of Man,Spain,10 wickets,Cartagena,"Feb 26, 2023",T20I # 2005,https://www.espncricinfo.com/series/isle-of-man-in-spain-2022-23-1354796/spain-vs-isle-of-man-6th-t20i-1354803/full-scorecard
Spain,Isle of Man,Spain,7 wickets,Cartagena,"Feb 26, 2023",T20I # 2004,https://www.espncricinfo.com/series/isle-of-man-in-spain-2022-23-1354796/spain-vs-isle-of-man-5th-t20i-1354802/full-scorecard
Bermuda,Cayman Is,Bermuda,96 runs,Buenos Aires,"Feb 25, 2023",T20I # 2003,https://www.espncricinfo.com/series/icc-men-s-t20-world-cup-americas-region-qualifier-2022-23-1359778/bermuda-vs-cayman-islands-2nd-match-1359795/full-scorecard
Argentina,Panama,Panama,53 runs,Buenos Aires,"Feb 25, 2023",T20I # 2002,https://www.espncricinfo.com/series/icc-men-s-t20-world-cup-americas-region-qualifier-2022-23-1359778/argentina-vs-panama-1st-match-1359794/full-scorecard
Spain,Isle of Man,Spain,6 wickets,Cartagena,"Feb 25, 2023",T20I # 2001,https://www.espncricinfo.com/series/isle-of-man-in-spain-2022-23-1354796/spain-vs-isle-of-man-4th-t20i-1354801/full-scorecard
Spain,Isle of Man,Spain,8 wickets,Cartagena,"Feb 25, 2023",T20I # 2000,https://www.espncricinfo.com/series/isle-of-man-in-spain-2022-23-1354796/spain-vs-isle-of-man-3rd-t20i-1354800/full-scorecard
Spain,Isle of Man,no result,-,Cartagena,"Feb 24, 2023",T20I # 1999,https://www.espncricinfo.com/series/isle-of-man-in-spain-2022-23-1354796/spain-vs-isle-of-man-2nd-t20i-1354799/full-scorecard
Spain,Isle of Man,Spain,81 runs,Cartagena,"Feb 24, 2023",T20I # 1998,https://www.espncricinfo.com/series/isle-of-man-in-spain-2022-23-1354796/spain-vs-isle-of-man-1st-t20i-1354798/full-scorecard
Argentina,Bermuda,Bermuda,107 runs,Buenos Aires,"Feb 22, 2023",T20I # 1997,https://www.espncricinfo.com/series/bermuda-in-argentina-2022-23-1359782/argentina-vs-bermuda-2nd-t20i-1359787/full-scorecard
Argentina,Bermuda,Bermuda,6 wickets,Buenos Aires,"Feb 21, 2023",T20I # 1996,https://www.espncricinfo.com/series/bermuda-in-argentina-2022-23-1359782/argentina-vs-bermuda-1st-t20i-1359786/full-scorecard
U.A.E.,Afghanistan,Afghanistan,6 wickets,Abu Dhabi,"Feb 19, 2023",T20I # 1995,https://www.espncricinfo.com/series/afghanistan-in-united-arab-emirates-2022-23-1357674/united-arab-emirates-vs-afghanistan-3rd-t20i-1357696/full-scorecard
U.A.E.,Afghanistan,U.A.E.,9 wickets,Abu Dhabi,"Feb 18, 2023",T20I # 1994,https://www.espncricinfo.com/series/afghanistan-in-united-arab-emirates-2022-23-1357674/united-arab-emirates-vs-afghanistan-2nd-t20i-1357695/full-scorecard
U.A.E.,Afghanistan,Afghanistan,5 wickets,Abu Dhabi,"Feb 16, 2023",T20I # 1993,https://www.espncricinfo.com/series/afghanistan-in-united-arab-emirates-2022-23-1357674/united-arab-emirates-vs-afghanistan-1st-t20i-1357694/full-scorecard
India,New Zealand,India,168 runs,Ahmedabad,"Feb 1, 2023",T20I # 1992,https://www.espncricinfo.com/series/new-zealand-in-india-2022-23-1348633/india-vs-new-zealand-3rd-t20i-1348651/full-scorecard
India,New Zealand,India,6 wickets,Lucknow,"Jan 29, 2023",T20I # 1991,https://www.espncricinfo.com/series/new-zealand-in-india-2022-23-1348633/india-vs-new-zealand-2nd-t20i-1348650/full-scorecard
India,New Zealand,New Zealand,21 runs,Ranchi,"Jan 27, 2023",T20I # 1990,https://www.espncricinfo.com/series/new-zealand-in-india-2022-23-1348633/india-vs-new-zealand-1st-t20i-1348649/full-scorecard
Zimbabwe,Ireland,Zimbabwe,4 wickets,Harare,"Jan 15, 2023",T20I # 1989,https://www.espncricinfo.com/series/ireland-in-zimbabwe-2022-23-1348320/zimbabwe-vs-ireland-3rd-t20i-1348325/full-scorecard
Zimbabwe,Ireland,Ireland,6 wickets,Harare,"Jan 14, 2023",T20I # 1988,https://www.espncricinfo.com/series/ireland-in-zimbabwe-2022-23-1348320/zimbabwe-vs-ireland-2nd-t20i-1348324/full-scorecard
Zimbabwe,Ireland,Zimbabwe,5 wickets,Harare,"Jan 12, 2023",T20I # 1987,https://www.espncricinfo.com/series/ireland-in-zimbabwe-2022-23-1348320/zimbabwe-vs-ireland-1st-t20i-1348323/full-scorecard
India,Sri Lanka,India,91 runs,Rajkot,"Jan 7, 2023",T20I # 1986,https://www.espncricinfo.com/series/sri-lanka-in-india-2022-23-1348629/india-vs-sri-lanka-3rd-t20i-1348642/full-scorecard
India,Sri Lanka,Sri Lanka,16 runs,Pune,"Jan 5, 2023",T20I # 1985,https://www.espncricinfo.com/series/sri-lanka-in-india-2022-23-1348629/india-vs-sri-lanka-2nd-t20i-1348641/full-scorecard
India,Sri Lanka,India,2 runs,Wankhede,"Jan 3, 2023",T20I # 1984,https://www.espncricinfo.com/series/sri-lanka-in-india-2022-23-1348629/india-vs-sri-lanka-1st-t20i-1348640/full-scorecard
